[
{"pk": 1, "model": "auth.permission", "fields": {"codename": "add_logentry", "name": "Puede eliminar entradas del log", "content_type": 1}},
{"pk": 2, "model": "auth.permission", "fields": {"codename": "change_logentry", "name": "Puede cambiar entradas del log", "content_type": 1}},
{"pk": 3, "model": "auth.permission", "fields": {"codename": "delete_logentry", "name": "Puede eliminar entradas del log", "content_type": 1}},

{"pk": 4, "model": "auth.permission", "fields": {"codename": "add_permission", "name": "Puede agregar permisos", "content_type": 2}},
{"pk": 5, "model": "auth.permission", "fields": {"codename": "change_permission", "name": "Puede cambiar permisos", "content_type": 2}},
{"pk": 6, "model": "auth.permission", "fields": {"codename": "delete_permission", "name": "Puede eliminar permisos", "content_type": 2}},

{"pk": 7, "model": "auth.permission", "fields": {"codename": "add_group", "name": "Puede agregar rol", "content_type": 3}},
{"pk": 8, "model": "auth.permission", "fields": {"codename": "change_group", "name": "Puede cambiar rol", "content_type": 3}},
{"pk": 9, "model": "auth.permission", "fields": {"codename": "delete_group", "name": "Puede eliminar rol", "content_type": 3}},

{"pk": 10, "model": "auth.permission", "fields": {"codename": "add_user", "name": "Puede agregar usuario", "content_type": 4}},
{"pk": 11, "model": "auth.permission", "fields": {"codename": "change_user", "name": "Puede cambiar usuario", "content_type": 4}},
{"pk": 12, "model": "auth.permission", "fields": {"codename": "delete_user", "name": "Puede eliminar usuario", "content_type": 4}},

{"pk": 13, "model": "auth.permission", "fields": {"codename": "add_contenttype", "name": "Puede agregar content type", "content_type": 5}},
{"pk": 14, "model": "auth.permission", "fields": {"codename": "change_contenttype", "name": "Puede cambiar content type", "content_type": 5}},
{"pk": 15, "model": "auth.permission", "fields": {"codename": "delete_contenttype", "name": "Puede eliminar content type", "content_type": 5}},

{"pk": 16, "model": "auth.permission", "fields": {"codename": "add_session", "name": "Puede agregar sesion", "content_type": 6}},
{"pk": 17, "model": "auth.permission", "fields": {"codename": "change_session", "name": "Puede cambiar sesion", "content_type": 6}},
{"pk": 18, "model": "auth.permission", "fields": {"codename": "delete_session", "name": "Puede eliminar sesion", "content_type": 6}},

{"pk": 19, "model": "auth.permission", "fields": {"codename": "add_proyecto", "name": "Puede agregar proyecto", "content_type": 7}},
{"pk": 20, "model": "auth.permission", "fields": {"codename": "change_proyecto", "name": "Puede cambiar proyecto", "content_type": 7}},
{"pk": 21, "model": "auth.permission", "fields": {"codename": "delete_proyecto", "name": "Puede eliminar proyecto", "content_type": 7}},

{"pk": 22, "model": "auth.permission", "fields": {"codename": "add_fase", "name": "Puede agregar fase", "content_type": 8}},
{"pk": 23, "model": "auth.permission", "fields": {"codename": "change_fase", "name": "Puede cambiar fase", "content_type": 8}},
{"pk": 24, "model": "auth.permission", "fields": {"codename": "delete_fase", "name": "Puede eliminar fase", "content_type": 8}},

{"pk": 25, "model": "auth.permission", "fields": {"codename": "add_atributo", "name": "Puede agregar atributo", "content_type": 9}},
{"pk": 26, "model": "auth.permission", "fields": {"codename": "change_atributo", "name": "Puede cambiar atributo", "content_type": 9}},
{"pk": 27, "model": "auth.permission", "fields": {"codename": "delete_atributo", "name": "Puede eliminar atributo", "content_type": 9}},

{"pk": 28, "model": "auth.permission", "fields": {"codename": "add_tipodeitem", "name": "Puede agregar tipo de item", "content_type": 10}},
{"pk": 29, "model": "auth.permission", "fields": {"codename": "change_tipodeitem", "name": "Puede cambiar tipo de item", "content_type": 10}},
{"pk": 30, "model": "auth.permission", "fields": {"codename": "delete_tipodeitem", "name": "Puede eliminar tipo de item", "content_type": 10}},

{"pk": 31, "model": "auth.permission", "fields": {"codename": "consulta_user", "name": "Puede consultar usuario", "content_type": 4}},
{"pk": 32, "model": "auth.permission", "fields": {"codename": "consulta_group", "name": "Puede consultar rol", "content_type": 3}},
{"pk": 33, "model": "auth.permission", "fields": {"codename": "consulta_proyecto", "name": "Puede consultar proyecto", "content_type": 7}},
{"pk": 34, "model": "auth.permission", "fields": {"codename": "consulta_fase", "name": "Puede consultar fase", "content_type": 8}},
{"pk": 35, "model": "auth.permission", "fields": {"codename": "consulta_atributo", "name": "Puede consultar atributo", "content_type": 9}},
{"pk": 36, "model": "auth.permission", "fields": {"codename": "consulta_tipodeitem", "name": "Puede consultar tipo de item", "content_type": 10}},
{"pk": 37, "model": "auth.permission", "fields": {"codename": "acceso_desarrollo", "name": "Puede acceder al modulo de desarrollo", "content_type": 4}},

{"pk": 38, "model": "auth.permission", "fields": {"codename": "change_campo", "name": "Puede cambiar campo", "content_type": 13}},
{"pk": 39, "model": "auth.permission", "fields": {"codename": "delete_campo", "name": "Puede eliminar campo", "content_type": 13}},

{"pk": 40, "model": "auth.permission", "fields": {"codename": "add_relacion", "name": "Puede agregar relacion", "content_type": 14}},
{"pk": 41, "model": "auth.permission", "fields": {"codename": "change_relacion", "name": "Puede cambiar relacion", "content_type": 14}},
{"pk": 42, "model": "auth.permission", "fields": {"codename": "delete_relacion", "name": "Puede eliminar relacion", "content_type": 14}},

{"pk": 43, "model": "auth.permission", "fields": {"codename": "add_archivo", "name": "Puede agregar archivo", "content_type": 15}},
{"pk": 44, "model": "auth.permission", "fields": {"codename": "change_archivo", "name": "Puede cambiar archivo", "content_type": 15}},
{"pk": 45, "model": "auth.permission", "fields": {"codename": "delete_archivo", "name": "Puede eliminar archivo", "content_type": 15}},

{"pk": 46, "model": "auth.permission", "fields": {"codename": "add_revision", "name": "Puede agregar revision", "content_type": 16}},
{"pk": 47, "model": "auth.permission", "fields": {"codename": "change_revision", "name": "Puede cambiar revision", "content_type": 16}},
{"pk": 48, "model": "auth.permission", "fields": {"codename": "delete_revision", "name": "Puede eliminar revision", "content_type": 16}},

{"pk": 49, "model": "auth.permission", "fields": {"codename": "add_version", "name": "Puede agregar version", "content_type": 17}},
{"pk": 50, "model": "auth.permission", "fields": {"codename": "change_version", "name": "Puede cambiar version", "content_type": 17}},
{"pk": 51, "model": "auth.permission", "fields": {"codename": "delete_version", "name": "Puede eliminar version", "content_type": 17}},

{"pk": 52, "model": "auth.permission", "fields": {"codename": "add_lineabase", "name": "Puede agregar linea base", "content_type": 11}},
{"pk": 53, "model": "auth.permission", "fields": {"codename": "change_lineabase", "name": "Puede cambiar linea base", "content_type": 11}},
{"pk": 54, "model": "auth.permission", "fields": {"codename": "delete_lineabase", "name": "Puede eliminar linea base", "content_type": 11}},

{"pk": 55, "model": "auth.permission", "fields": {"codename": "add_comitedecambio", "name": "Puede agregar comite de cambio", "content_type": 18}},
{"pk": 56, "model": "auth.permission", "fields": {"codename": "change_comitedecambio", "name": "Puede cambiar comite de cambio", "content_type": 18}},
{"pk": 57, "model": "auth.permission", "fields": {"codename": "delete_comitedecambio", "name": "Puede agregar eliminar comite de cambio", "content_type": 18}},

{"pk": 58, "model": "auth.permission", "fields": {"codename": "add_item", "name": "Puede agregar item", "content_type": 12}},
{"pk": 59, "model": "auth.permission", "fields": {"codename": "change_item", "name": "Puede gestionar item", "content_type": 12}},
{"pk": 60, "model": "auth.permission", "fields": {"codename": "delete_item", "name": "Puede eliminar item", "content_type": 12}},

{"pk": 61, "model": "auth.permission", "fields": {"codename": "add_campo", "name": "Puede agregar campo", "content_type": 13}},

{"pk": 62, "model": "auth.permission", "fields": {"codename": "consulta_item", "name": "Puede consultar item", "content_type": 12}},
{"pk": 63, "model": "auth.permission", "fields": {"codename": "aprueba_item", "name": "Puede aprobar item", "content_type": 12}},
{"pk": 64, "model": "auth.permission", "fields": {"codename": "desaprueba_item", "name": "Puede desaprobar item", "content_type": 12}},
{"pk": 65, "model": "auth.permission", "fields": {"codename": "solicita_item", "name": "Puede solicitar cambio", "content_type": 12}},
{"pk": 66, "model": "auth.permission", "fields": {"codename": "revive_item", "name": "Puede revivir item", "content_type": 12}},
{"pk": 67, "model": "auth.permission", "fields": {"codename": "reversiona_item", "name": "Puede reversionar item", "content_type": 12}},


{"pk": 1, "model": "auth.group", "fields": {"name": "Administrador", "permissions": [10, 11, 12, 19, 20, 31, 33]}},
{"pk": 2, "model": "auth.group", "fields": {"name": "Lider de Proyecto", "permissions": [7, 8, 9, 11, 20, 21, 22, 23, 24, 25, 26, 27, 28, 29, 30, 32, 33, 34, 35, 36]}},
{"pk": 3, "model": "auth.group", "fields": {"name": "Desarrollador", "permissions": [33,34,35,36,37]}},
{"pk": 4, "model": "auth.group", "fields": {"name": "Integrante de Comite", "permissions": []}},

{"pk": 1, "model": "auth.user", "fields": {"username": "sgp", "first_name": "", "last_name": "", "is_active": true, "direccion": null, "is_superuser": true, "is_staff": true, "last_login": "2014-04-20T17:55:08.342Z", "groups": [1], "observacion": null, "user_permissions": [], "password": "pbkdf2_sha256$12000$dCuiKL7mrFKY$9XFhqw0+lFe07dYxav5jcx8xKG/1poly3F/88wlpKuw=", "telefono": null, "email": "", "date_joined": "2014-04-20T17:54:29.616Z"}},
{"pk": 2, "model": "auth.user", "fields": {"username": "lider", "first_name": "", "last_name": "", "is_active": true, "direccion": null, "is_superuser": false, "is_staff": false, "last_login": "2014-04-20T17:55:08.342Z", "groups": [2], "observacion": null, "user_permissions": [], "password": "pbkdf2_sha256$12000$dCuiKL7mrFKY$9XFhqw0+lFe07dYxav5jcx8xKG/1poly3F/88wlpKuw=", "telefono": null, "email": "", "date_joined": "2014-04-20T17:54:29.616Z"}},
{"pk": 3, "model": "auth.user", "fields": {"username": "desarrollador1", "first_name": "", "last_name": "", "is_active": true, "direccion": null, "is_superuser": false, "is_staff": false, "last_login": "2014-04-20T17:55:08.342Z", "groups": [3], "observacion": null, "user_permissions": [], "password": "pbkdf2_sha256$12000$dCuiKL7mrFKY$9XFhqw0+lFe07dYxav5jcx8xKG/1poly3F/88wlpKuw=", "telefono": null, "email": "", "date_joined": "2014-04-20T17:54:29.616Z"}},
{"pk": 4, "model": "auth.user", "fields": {"username": "desarrollador2", "first_name": "", "last_name": "", "is_active": true, "direccion": null, "is_superuser": false, "is_staff": false, "last_login": "2014-04-20T17:55:08.342Z", "groups": [3], "observacion": null, "user_permissions": [], "password": "pbkdf2_sha256$12000$dCuiKL7mrFKY$9XFhqw0+lFe07dYxav5jcx8xKG/1poly3F/88wlpKuw=", "telefono": null, "email": "", "date_joined": "2014-04-20T17:54:29.616Z"}},
{"pk": 5, "model": "auth.user", "fields": {"username": "desarrollador3", "first_name": "", "last_name": "", "is_active": true, "direccion": null, "is_superuser": false, "is_staff": false, "last_login": "2014-04-20T17:55:08.342Z", "groups": [3], "observacion": null, "user_permissions": [], "password": "pbkdf2_sha256$12000$dCuiKL7mrFKY$9XFhqw0+lFe07dYxav5jcx8xKG/1poly3F/88wlpKuw=", "telefono": null, "email": "", "date_joined": "2014-04-20T17:54:29.616Z"}},
{"pk": 6, "model": "auth.user", "fields": {"username": "desarrollador4", "first_name": "", "last_name": "", "is_active": true, "direccion": null, "is_superuser": false, "is_staff": false, "last_login": "2014-04-20T17:55:08.342Z", "groups": [3], "observacion": null, "user_permissions": [], "password": "pbkdf2_sha256$12000$dCuiKL7mrFKY$9XFhqw0+lFe07dYxav5jcx8xKG/1poly3F/88wlpKuw=", "telefono": null, "email": "", "date_joined": "2014-04-20T17:54:29.616Z"}},

{"pk": 1, "model": "administracion.proyecto", "fields": {"nFases": 3, "Lider": 2, "Fecha": "2014-05-17T01:20:07.488Z", "Usuario": 1, "Fecha_finalizacion": "2014-05-08", "Fecha_inicio": "2014-04-30", "Descripcion": "este un ejemplo", "Nombre": "proyecto 1", "Usuarios": [6, 5, 3, 4], "Estado": "A"}}, {"pk": 2, "model": "administracion.proyecto", "fields": {"nFases": 2, "Lider": 2, "Fecha": "2014-05-24T10:09:31.083Z", "Usuario": 1, "Fecha_finalizacion": "2014-05-05", "Fecha_inicio": "2014-04-27", "Descripcion": "ejemplo", "Nombre": "IS2", "Usuarios": [], "Estado": "P"}}, {"pk": 1, "model": "administracion.fase", "fields": {"Usuario": 2, "Fecha": "2014-05-24T10:50:51.792Z", "Numero": 1, "Proyecto": 1, "Descripcion": "fase 1", "Nombre": "planificar", "Usuarios": [3, 2], "Estado": "FIN"}}, {"pk": 2, "model": "administracion.fase", "fields": {"Usuario": 2, "Fecha": "2014-05-24T10:50:56.364Z", "Numero": 2, "Proyecto": 1, "Descripcion": "fase2", "Nombre": "desarrollar", "Usuarios": [2, 4], "Estado": "INI"}}, {"pk": 3, "model": "administracion.fase", "fields": {"Usuario": 2, "Fecha": "2014-05-17T01:20:07.498Z", "Numero": 3, "Proyecto": 1, "Descripcion": "fase3", "Nombre": "mantener", "Usuarios": [5, 2], "Estado": "PEN"}}, {"pk": 4, "model": "administracion.fase", "fields": {"Usuario": 2, "Fecha": "2014-05-24T10:09:22.145Z", "Numero": 1, "Proyecto": 2, "Descripcion": "asd", "Nombre": "Fase1", "Usuarios": [], "Estado": "PEN"}}, {"pk": 5, "model": "administracion.fase", "fields": {"Usuario": 2, "Fecha": "2014-05-24T10:09:31.100Z", "Numero": 2, "Proyecto": 2, "Descripcion": "asd", "Nombre": "Fase 2", "Usuarios": [], "Estado": "PEN"}}, {"pk": 1, "model": "administracion.atributo", "fields": {"Tipo": "C", "Usuario": 2, "Fecha": "2014-05-17T01:20:46.566Z", "Descripcion": "atributo 1", "Nombre": "letras", "Fase": 1}}, {"pk": 2, "model": "administracion.atributo", "fields": {"Tipo": "N", "Usuario": 2, "Fecha": "2014-05-17T01:21:02.057Z", "Descripcion": "atributo 2", "Nombre": "cantidad", "Fase": 1}}, {"pk": 3, "model": "administracion.atributo", "fields": {"Tipo": "C", "Usuario": 2, "Fecha": "2014-05-17T01:22:32.014Z", "Descripcion": "atributo 3", "Nombre": "color", "Fase": 1}}, {"pk": 4, "model": "administracion.atributo", "fields": {"Tipo": "N", "Usuario": 2, "Fecha": "2014-05-17T01:23:58.089Z", "Descripcion": "atributo 1", "Nombre": "ancho", "Fase": 2}}, {"pk": 5, "model": "administracion.atributo", "fields": {"Tipo": "N", "Usuario": 2, "Fecha": "2014-05-17T01:24:21.264Z", "Descripcion": "atributo 2", "Nombre": "largo", "Fase": 2}}, {"pk": 6, "model": "administracion.atributo", "fields": {"Tipo": "F", "Usuario": 2, "Fecha": "2014-05-17T01:26:33.981Z", "Descripcion": "atributo 1", "Nombre": "fechas", "Fase": 3}}, {"pk": 7, "model": "administracion.atributo", "fields": {"Tipo": "H", "Usuario": 2, "Fecha": "2014-05-17T01:26:48.564Z", "Descripcion": "atributo 2", "Nombre": "hora", "Fase": 3}}, {"pk": 8, "model": "administracion.atributo", "fields": {"Tipo": "N", "Usuario": 2, "Fecha": "2014-05-24T10:10:06.732Z", "Descripcion": "asd", "Nombre": "Calificacion", "Fase": 4}}, {"pk": 9, "model": "administracion.atributo", "fields": {"Tipo": "C", "Usuario": 2, "Fecha": "2014-05-24T10:10:24.100Z", "Descripcion": "asd", "Nombre": "Plantilla", "Fase": 4}}, {"pk": 10, "model": "administracion.atributo", "fields": {"Tipo": "N", "Usuario": 2, "Fecha": "2014-05-24T10:12:11.526Z", "Descripcion": "asd", "Nombre": "Mesa", "Fase": 5}}, {"pk": 11, "model": "administracion.atributo", "fields": {"Tipo": "N", "Usuario": 2, "Fecha": "2014-05-24T10:12:20.137Z", "Descripcion": "sad", "Nombre": "Sillas", "Fase": 5}}, {"pk": 1, "model": "administracion.tipodeitem", "fields": {"Nombre": "remeras ", "Fecha": "2014-05-17T01:23:07.825Z", "Fase": 1, "Atributos": [1, 2, 3], "Usuario": 2}}, {"pk": 2, "model": "administracion.tipodeitem", "fields": {"Nombre": "pantalones", "Fecha": "2014-05-17T01:23:28.964Z", "Fase": 1, "Atributos": [2, 3], "Usuario": 2}}, {"pk": 3, "model": "administracion.tipodeitem", "fields": {"Nombre": "televisores", "Fecha": "2014-05-17T01:25:46.923Z", "Fase": 2, "Atributos": [4, 5], "Usuario": 2}}, {"pk": 4, "model": "administracion.tipodeitem", "fields": {"Nombre": "barras", "Fecha": "2014-05-17T01:26:08.763Z", "Fase": 2, "Atributos": [4, 5], "Usuario": 2}}, {"pk": 5, "model": "administracion.tipodeitem", "fields": {"Nombre": "encuentros", "Fecha": "2014-05-17T01:27:02.952Z", "Fase": 3, "Atributos": [6, 7], "Usuario": 2}}, {"pk": 6, "model": "administracion.tipodeitem", "fields": {"Nombre": "plazos", "Fecha": "2014-05-17T01:29:04.519Z", "Fase": 3, "Atributos": [6, 7], "Usuario": 2}}, {"pk": 7, "model": "administracion.tipodeitem", "fields": {"Nombre": "Planilla", "Fecha": "2014-05-24T10:10:58.847Z", "Fase": 4, "Atributos": [8, 9], "Usuario": 2}}, {"pk": 8, "model": "administracion.tipodeitem", "fields": {"Nombre": "Aula", "Fecha": "2014-05-24T10:12:37.244Z", "Fase": 5, "Atributos": [10, 11], "Usuario": 2}},
{"pk": 1, "model": "desarrollo.item", "fields": {"Tipo": 1, "Usuario": 3, "Fecha": "2014-05-24T10:32:35.809Z", "CostoTemporal": 1, "Version": 2, "CostoUnitario": 1, "Descripcion": "asd", "Nombre": "item1fase1", "Estado": "VAL", "Prioridad": 2, "Fase": 1}}, {"pk": 2, "model": "desarrollo.item", "fields": {"Tipo": 2, "Usuario": 3, "Fecha": "2014-05-24T10:32:35.819Z", "CostoTemporal": 2, "Version": 3, "CostoUnitario": 3, "Descripcion": "aasd", "Nombre": "item2fase1", "Estado": "VAL", "Prioridad": 1, "Fase": 1}}, {"pk": 3, "model": "desarrollo.item", "fields": {"Tipo": 1, "Usuario": 3, "Fecha": "2014-05-24T10:32:35.829Z", "CostoTemporal": 2, "Version": 3, "CostoUnitario": 2, "Descripcion": "asd", "Nombre": "item3fase1", "Estado": "VAL", "Prioridad": 1, "Fase": 1}}, {"pk": 4, "model": "desarrollo.item", "fields": {"Tipo": 3, "Usuario": 4, "Fecha": "2014-05-24T10:53:05.090Z", "CostoTemporal": 1, "Version": 3, "CostoUnitario": 1, "Descripcion": "1", "Nombre": "item1fase2", "Estado": "CON", "Prioridad": 1, "Fase": 2}}, {"pk": 1, "model": "desarrollo.campo", "fields": {"hora": null, "atributo": 1, "fecha": null, "precision": null, "tipoItem": 1, "cadena": "asd", "item": 1, "mail": null, "numerico": null, "longitud": null, "logico": null}}, {"pk": 2, "model": "desarrollo.campo", "fields": {"hora": null, "atributo": 2, "fecha": null, "precision": null, "tipoItem": 1, "cadena": null, "item": 1, "mail": null, "numerico": "12.000", "longitud": null, "logico": null}}, {"pk": 3, "model": "desarrollo.campo", "fields": {"hora": null, "atributo": 3, "fecha": null, "precision": null, "tipoItem": 1, "cadena": "rojo", "item": 1, "mail": null, "numerico": null, "longitud": null, "logico": null}}, {"pk": 4, "model": "desarrollo.campo", "fields": {"hora": null, "atributo": 2, "fecha": null, "precision": null, "tipoItem": 2, "cadena": null, "item": 2, "mail": null, "numerico": "342.000", "longitud": null, "logico": null}}, {"pk": 5, "model": "desarrollo.campo", "fields": {"hora": null, "atributo": 3, "fecha": null, "precision": null, "tipoItem": 2, "cadena": "verde", "item": 2, "mail": null, "numerico": null, "longitud": null, "logico": null}}, {"pk": 6, "model": "desarrollo.campo", "fields": {"hora": null, "atributo": 1, "fecha": null, "precision": null, "tipoItem": 1, "cadena": "32d", "item": 3, "mail": null, "numerico": null, "longitud": null, "logico": null}}, {"pk": 7, "model": "desarrollo.campo", "fields": {"hora": null, "atributo": 2, "fecha": null, "precision": null, "tipoItem": 1, "cadena": null, "item": 3, "mail": null, "numerico": "12.000", "longitud": null, "logico": null}}, {"pk": 8, "model": "desarrollo.campo", "fields": {"hora": null, "atributo": 3, "fecha": null, "precision": null, "tipoItem": 1, "cadena": "azul", "item": 3, "mail": null, "numerico": null, "longitud": null, "logico": null}}, {"pk": 9, "model": "desarrollo.campo", "fields": {"hora": null, "atributo": 4, "fecha": null, "precision": null, "tipoItem": 3, "cadena": null, "item": 4, "mail": null, "numerico": "12.000", "longitud": null, "logico": null}}, {"pk": 10, "model": "desarrollo.campo", "fields": {"hora": null, "atributo": 5, "fecha": null, "precision": null, "tipoItem": 3, "cadena": null, "item": 4, "mail": null, "numerico": "12.000", "longitud": null, "logico": null}}, {"pk": 1, "model": "desarrollo.relacion", "fields": {"antecesor": null, "padre": null, "item": 1}}, {"pk": 2, "model": "desarrollo.relacion", "fields": {"antecesor": null, "padre": 1, "item": 2}}, {"pk": 3, "model": "desarrollo.relacion", "fields": {"antecesor": null, "padre": 2, "item": 3}}, {"pk": 4, "model": "desarrollo.relacion", "fields": {"antecesor": 3, "padre": null, "item": 4}},
{"pk": 1, "model": "gestion.lineabase", "fields": {"Nombre": "LB fase1", "Fecha": "2014-05-24T10:32:35.780Z", "Fase": 1, "Items": [1, 2, 3], "Usuario": 2}}, {"pk": 1, "model": "gestion.comitedecambio", "fields": {"Usuario1": 2, "Usuario2": 6, "Usuario3": 5, "Proyecto": 1}},

{"pk": 1, "model": "reversion.revision", "fields": {"comment": "", "date_created": "2014-05-24T10:27:43.969Z", "manager_slug": "default", "user": 3}}, {"pk": 2, "model": "reversion.revision", "fields": {"comment": "", "date_created": "2014-05-24T10:28:43.963Z", "manager_slug": "default", "user": 3}}, {"pk": 3, "model": "reversion.revision", "fields": {"comment": "", "date_created": "2014-05-24T10:29:24.323Z", "manager_slug": "default", "user": 3}}, {"pk": 4, "model": "reversion.revision", "fields": {"comment": "", "date_created": "2014-05-24T10:29:40.428Z", "manager_slug": "default", "user": 3}}, {"pk": 5, "model": "reversion.revision", "fields": {"comment": "", "date_created": "2014-05-24T10:29:59.397Z", "manager_slug": "default", "user": null}}, {"pk": 6, "model": "reversion.revision", "fields": {"comment": "", "date_created": "2014-05-24T10:30:33.519Z", "manager_slug": "default", "user": 3}}, {"pk": 7, "model": "reversion.revision", "fields": {"comment": "", "date_created": "2014-05-24T10:30:47.146Z", "manager_slug": "default", "user": 3}}, {"pk": 8, "model": "reversion.revision", "fields": {"comment": "", "date_created": "2014-05-24T10:31:00.189Z", "manager_slug": "default", "user": null}}, {"pk": 9, "model": "reversion.revision", "fields": {"comment": "", "date_created": "2014-05-24T10:31:30.884Z", "manager_slug": "default", "user": null}}, {"pk": 10, "model": "reversion.revision", "fields": {"comment": "", "date_created": "2014-05-24T10:31:34.314Z", "manager_slug": "default", "user": null}}, {"pk": 11, "model": "reversion.revision", "fields": {"comment": "", "date_created": "2014-05-24T10:31:36.771Z", "manager_slug": "default", "user": null}}, {"pk": 12, "model": "reversion.revision", "fields": {"comment": "", "date_created": "2014-05-24T10:32:35.856Z", "manager_slug": "default", "user": 2}}, {"pk": 13, "model": "reversion.revision", "fields": {"comment": "", "date_created": "2014-05-24T10:52:43.735Z", "manager_slug": "default", "user": 4}}, {"pk": 14, "model": "reversion.revision", "fields": {"comment": "", "date_created": "2014-05-24T10:52:50.995Z", "manager_slug": "default", "user": 4}}, {"pk": 15, "model": "reversion.revision", "fields": {"comment": "", "date_created": "2014-05-24T10:53:05.181Z", "manager_slug": "default", "user": null}}, {"pk": 1, "model": "reversion.version", "fields": {"format": "json", "object_repr": "item1fase1", "object_id": "1", "content_type": 16, "object_id_int": 1, "serialized_data": "[{\"pk\": 1, \"model\": \"desarrollo.item\", \"fields\": {\"Tipo\": 1, \"Usuario\": 3, \"Fecha\": \"2014-05-24T10:27:43.806Z\", \"CostoTemporal\": 1, \"Version\": 1, \"CostoUnitario\": 1, \"Descripcion\": \"asd\", \"Nombre\": \"item1fase1\", \"Estado\": \"CON\", \"Prioridad\": 2, \"Fase\": 1}}]", "revision": 1}}, {"pk": 2, "model": "reversion.version", "fields": {"format": "json", "object_repr": "Campo object", "object_id": "2", "content_type": 17, "object_id_int": 2, "serialized_data": "[{\"pk\": 2, \"model\": \"desarrollo.campo\", \"fields\": {\"hora\": null, \"atributo\": 2, \"fecha\": null, \"precision\": null, \"tipoItem\": 1, \"cadena\": null, \"item\": 1, \"mail\": null, \"numerico\": null, \"longitud\": null, \"logico\": null}}]", "revision": 1}}, {"pk": 3, "model": "reversion.version", "fields": {"format": "json", "object_repr": "Campo object", "object_id": "3", "content_type": 17, "object_id_int": 3, "serialized_data": "[{\"pk\": 3, \"model\": \"desarrollo.campo\", \"fields\": {\"hora\": null, \"atributo\": 3, \"fecha\": null, \"precision\": null, \"tipoItem\": 1, \"cadena\": null, \"item\": 1, \"mail\": null, \"numerico\": null, \"longitud\": null, \"logico\": null}}]", "revision": 1}}, {"pk": 4, "model": "reversion.version", "fields": {"format": "json", "object_repr": "Campo object", "object_id": "1", "content_type": 17, "object_id_int": 1, "serialized_data": "[{\"pk\": 1, \"model\": \"desarrollo.campo\", \"fields\": {\"hora\": null, \"atributo\": 1, \"fecha\": null, \"precision\": null, \"tipoItem\": 1, \"cadena\": null, \"item\": 1, \"mail\": null, \"numerico\": null, \"longitud\": null, \"logico\": null}}]", "revision": 1}}, {"pk": 5, "model": "reversion.version", "fields": {"format": "json", "object_repr": "Relacion object", "object_id": "1", "content_type": 18, "object_id_int": 1, "serialized_data": "[{\"pk\": 1, \"model\": \"desarrollo.relacion\", \"fields\": {\"antecesor\": null, \"padre\": null, \"item\": 1}}]", "revision": 1}}, {"pk": 6, "model": "reversion.version", "fields": {"format": "json", "object_repr": "Campo object", "object_id": "1", "content_type": 17, "object_id_int": 1, "serialized_data": "[{\"pk\": 1, \"model\": \"desarrollo.campo\", \"fields\": {\"hora\": null, \"atributo\": 1, \"fecha\": null, \"precision\": null, \"tipoItem\": 1, \"cadena\": \"asd\", \"item\": 1, \"mail\": null, \"numerico\": null, \"longitud\": null, \"logico\": null}}]", "revision": 2}}, {"pk": 7, "model": "reversion.version", "fields": {"format": "json", "object_repr": "Campo object", "object_id": "2", "content_type": 17, "object_id_int": 2, "serialized_data": "[{\"pk\": 2, \"model\": \"desarrollo.campo\", \"fields\": {\"hora\": null, \"atributo\": 2, \"fecha\": null, \"precision\": null, \"tipoItem\": 1, \"cadena\": null, \"item\": 1, \"mail\": null, \"numerico\": \"12\", \"longitud\": null, \"logico\": null}}]", "revision": 2}}, {"pk": 8, "model": "reversion.version", "fields": {"format": "json", "object_repr": "Campo object", "object_id": "3", "content_type": 17, "object_id_int": 3, "serialized_data": "[{\"pk\": 3, \"model\": \"desarrollo.campo\", \"fields\": {\"hora\": null, \"atributo\": 3, \"fecha\": null, \"precision\": null, \"tipoItem\": 1, \"cadena\": \"rojo\", \"item\": 1, \"mail\": null, \"numerico\": null, \"longitud\": null, \"logico\": null}}]", "revision": 2}}, {"pk": 9, "model": "reversion.version", "fields": {"format": "json", "object_repr": "item1fase1", "object_id": "1", "content_type": 16, "object_id_int": 1, "serialized_data": "[{\"pk\": 1, \"model\": \"desarrollo.item\", \"fields\": {\"Tipo\": 1, \"Usuario\": 3, \"Fecha\": \"2014-05-24T10:28:43.855Z\", \"CostoTemporal\": 1, \"Version\": 2, \"CostoUnitario\": 1, \"Descripcion\": \"asd\", \"Nombre\": \"item1fase1\", \"Estado\": \"CON\", \"Prioridad\": 2, \"Fase\": 1}}]", "revision": 2}}, {"pk": 10, "model": "reversion.version", "fields": {"format": "json", "object_repr": "Relacion object", "object_id": "1", "content_type": 18, "object_id_int": 1, "serialized_data": "[{\"pk\": 1, \"model\": \"desarrollo.relacion\", \"fields\": {\"antecesor\": null, \"padre\": null, \"item\": 1}}]", "revision": 2}}, {"pk": 11, "model": "reversion.version", "fields": {"format": "json", "object_repr": "item2fase1", "object_id": "2", "content_type": 16, "object_id_int": 2, "serialized_data": "[{\"pk\": 2, \"model\": \"desarrollo.item\", \"fields\": {\"Tipo\": 2, \"Usuario\": 3, \"Fecha\": \"2014-05-24T10:29:24.180Z\", \"CostoTemporal\": 2, \"Version\": 1, \"CostoUnitario\": 3, \"Descripcion\": \"aasd\", \"Nombre\": \"item2fase1\", \"Estado\": \"CON\", \"Prioridad\": 1, \"Fase\": 1}}]", "revision": 3}}, {"pk": 12, "model": "reversion.version", "fields": {"format": "json", "object_repr": "Campo object", "object_id": "4", "content_type": 17, "object_id_int": 4, "serialized_data": "[{\"pk\": 4, \"model\": \"desarrollo.campo\", \"fields\": {\"hora\": null, \"atributo\": 2, \"fecha\": null, \"precision\": null, \"tipoItem\": 2, \"cadena\": null, \"item\": 2, \"mail\": null, \"numerico\": null, \"longitud\": null, \"logico\": null}}]", "revision": 3}}, {"pk": 13, "model": "reversion.version", "fields": {"format": "json", "object_repr": "Relacion object", "object_id": "2", "content_type": 18, "object_id_int": 2, "serialized_data": "[{\"pk\": 2, \"model\": \"desarrollo.relacion\", \"fields\": {\"antecesor\": null, \"padre\": null, \"item\": 2}}]", "revision": 3}}, {"pk": 14, "model": "reversion.version", "fields": {"format": "json", "object_repr": "Campo object", "object_id": "5", "content_type": 17, "object_id_int": 5, "serialized_data": "[{\"pk\": 5, \"model\": \"desarrollo.campo\", \"fields\": {\"hora\": null, \"atributo\": 3, \"fecha\": null, \"precision\": null, \"tipoItem\": 2, \"cadena\": null, \"item\": 2, \"mail\": null, \"numerico\": null, \"longitud\": null, \"logico\": null}}]", "revision": 3}}, {"pk": 15, "model": "reversion.version", "fields": {"format": "json", "object_repr": "item2fase1", "object_id": "2", "content_type": 16, "object_id_int": 2, "serialized_data": "[{\"pk\": 2, \"model\": \"desarrollo.item\", \"fields\": {\"Tipo\": 2, \"Usuario\": 3, \"Fecha\": \"2014-05-24T10:29:40.357Z\", \"CostoTemporal\": 2, \"Version\": 2, \"CostoUnitario\": 3, \"Descripcion\": \"aasd\", \"Nombre\": \"item2fase1\", \"Estado\": \"CON\", \"Prioridad\": 1, \"Fase\": 1}}]", "revision": 4}}, {"pk": 16, "model": "reversion.version", "fields": {"format": "json", "object_repr": "Campo object", "object_id": "4", "content_type": 17, "object_id_int": 4, "serialized_data": "[{\"pk\": 4, \"model\": \"desarrollo.campo\", \"fields\": {\"hora\": null, \"atributo\": 2, \"fecha\": null, \"precision\": null, \"tipoItem\": 2, \"cadena\": null, \"item\": 2, \"mail\": null, \"numerico\": \"342\", \"longitud\": null, \"logico\": null}}]", "revision": 4}}, {"pk": 17, "model": "reversion.version", "fields": {"format": "json", "object_repr": "Relacion object", "object_id": "2", "content_type": 18, "object_id_int": 2, "serialized_data": "[{\"pk\": 2, \"model\": \"desarrollo.relacion\", \"fields\": {\"antecesor\": null, \"padre\": null, \"item\": 2}}]", "revision": 4}}, {"pk": 18, "model": "reversion.version", "fields": {"format": "json", "object_repr": "Campo object", "object_id": "5", "content_type": 17, "object_id_int": 5, "serialized_data": "[{\"pk\": 5, \"model\": \"desarrollo.campo\", \"fields\": {\"hora\": null, \"atributo\": 3, \"fecha\": null, \"precision\": null, \"tipoItem\": 2, \"cadena\": \"verde\", \"item\": 2, \"mail\": null, \"numerico\": null, \"longitud\": null, \"logico\": null}}]", "revision": 4}}, {"pk": 19, "model": "reversion.version", "fields": {"format": "json", "object_repr": "Relacion object", "object_id": "2", "content_type": 18, "object_id_int": 2, "serialized_data": "[{\"pk\": 2, \"model\": \"desarrollo.relacion\", \"fields\": {\"antecesor\": null, \"padre\": 1, \"item\": 2}}]", "revision": 5}}, {"pk": 20, "model": "reversion.version", "fields": {"format": "json", "object_repr": "Campo object", "object_id": "4", "content_type": 17, "object_id_int": 4, "serialized_data": "[{\"pk\": 4, \"model\": \"desarrollo.campo\", \"fields\": {\"hora\": null, \"atributo\": 2, \"fecha\": null, \"precision\": null, \"tipoItem\": 2, \"cadena\": null, \"item\": 2, \"mail\": null, \"numerico\": \"342.000\", \"longitud\": null, \"logico\": null}}]", "revision": 5}}, {"pk": 21, "model": "reversion.version", "fields": {"format": "json", "object_repr": "item2fase1", "object_id": "2", "content_type": 16, "object_id_int": 2, "serialized_data": "[{\"pk\": 2, \"model\": \"desarrollo.item\", \"fields\": {\"Tipo\": 2, \"Usuario\": 3, \"Fecha\": \"2014-05-24T10:29:59.319Z\", \"CostoTemporal\": 2, \"Version\": 3, \"CostoUnitario\": 3, \"Descripcion\": \"aasd\", \"Nombre\": \"item2fase1\", \"Estado\": \"CON\", \"Prioridad\": 1, \"Fase\": 1}}]", "revision": 5}}, {"pk": 22, "model": "reversion.version", "fields": {"format": "json", "object_repr": "Campo object", "object_id": "5", "content_type": 17, "object_id_int": 5, "serialized_data": "[{\"pk\": 5, \"model\": \"desarrollo.campo\", \"fields\": {\"hora\": null, \"atributo\": 3, \"fecha\": null, \"precision\": null, \"tipoItem\": 2, \"cadena\": \"verde\", \"item\": 2, \"mail\": null, \"numerico\": null, \"longitud\": null, \"logico\": null}}]", "revision": 5}}, {"pk": 23, "model": "reversion.version", "fields": {"format": "json", "object_repr": "Campo object", "object_id": "8", "content_type": 17, "object_id_int": 8, "serialized_data": "[{\"pk\": 8, \"model\": \"desarrollo.campo\", \"fields\": {\"hora\": null, \"atributo\": 3, \"fecha\": null, \"precision\": null, \"tipoItem\": 1, \"cadena\": null, \"item\": 3, \"mail\": null, \"numerico\": null, \"longitud\": null, \"logico\": null}}]", "revision": 6}}, {"pk": 24, "model": "reversion.version", "fields": {"format": "json", "object_repr": "item3fase1", "object_id": "3", "content_type": 16, "object_id_int": 3, "serialized_data": "[{\"pk\": 3, \"model\": \"desarrollo.item\", \"fields\": {\"Tipo\": 1, \"Usuario\": 3, \"Fecha\": \"2014-05-24T10:30:33.370Z\", \"CostoTemporal\": 2, \"Version\": 1, \"CostoUnitario\": 2, \"Descripcion\": \"asd\", \"Nombre\": \"item3fase1\", \"Estado\": \"CON\", \"Prioridad\": 1, \"Fase\": 1}}]", "revision": 6}}, {"pk": 25, "model": "reversion.version", "fields": {"format": "json", "object_repr": "Relacion object", "object_id": "3", "content_type": 18, "object_id_int": 3, "serialized_data": "[{\"pk\": 3, \"model\": \"desarrollo.relacion\", \"fields\": {\"antecesor\": null, \"padre\": null, \"item\": 3}}]", "revision": 6}}, {"pk": 26, "model": "reversion.version", "fields": {"format": "json", "object_repr": "Campo object", "object_id": "6", "content_type": 17, "object_id_int": 6, "serialized_data": "[{\"pk\": 6, \"model\": \"desarrollo.campo\", \"fields\": {\"hora\": null, \"atributo\": 1, \"fecha\": null, \"precision\": null, \"tipoItem\": 1, \"cadena\": null, \"item\": 3, \"mail\": null, \"numerico\": null, \"longitud\": null, \"logico\": null}}]", "revision": 6}}, {"pk": 27, "model": "reversion.version", "fields": {"format": "json", "object_repr": "Campo object", "object_id": "7", "content_type": 17, "object_id_int": 7, "serialized_data": "[{\"pk\": 7, \"model\": \"desarrollo.campo\", \"fields\": {\"hora\": null, \"atributo\": 2, \"fecha\": null, \"precision\": null, \"tipoItem\": 1, \"cadena\": null, \"item\": 3, \"mail\": null, \"numerico\": null, \"longitud\": null, \"logico\": null}}]", "revision": 6}}, {"pk": 28, "model": "reversion.version", "fields": {"format": "json", "object_repr": "Campo object", "object_id": "8", "content_type": 17, "object_id_int": 8, "serialized_data": "[{\"pk\": 8, \"model\": \"desarrollo.campo\", \"fields\": {\"hora\": null, \"atributo\": 3, \"fecha\": null, \"precision\": null, \"tipoItem\": 1, \"cadena\": \"azul\", \"item\": 3, \"mail\": null, \"numerico\": null, \"longitud\": null, \"logico\": null}}]", "revision": 7}}, {"pk": 29, "model": "reversion.version", "fields": {"format": "json", "object_repr": "item3fase1", "object_id": "3", "content_type": 16, "object_id_int": 3, "serialized_data": "[{\"pk\": 3, \"model\": \"desarrollo.item\", \"fields\": {\"Tipo\": 1, \"Usuario\": 3, \"Fecha\": \"2014-05-24T10:30:47.031Z\", \"CostoTemporal\": 2, \"Version\": 2, \"CostoUnitario\": 2, \"Descripcion\": \"asd\", \"Nombre\": \"item3fase1\", \"Estado\": \"CON\", \"Prioridad\": 1, \"Fase\": 1}}]", "revision": 7}}, {"pk": 30, "model": "reversion.version", "fields": {"format": "json", "object_repr": "Relacion object", "object_id": "3", "content_type": 18, "object_id_int": 3, "serialized_data": "[{\"pk\": 3, \"model\": \"desarrollo.relacion\", \"fields\": {\"antecesor\": null, \"padre\": null, \"item\": 3}}]", "revision": 7}}, {"pk": 31, "model": "reversion.version", "fields": {"format": "json", "object_repr": "Campo object", "object_id": "6", "content_type": 17, "object_id_int": 6, "serialized_data": "[{\"pk\": 6, \"model\": \"desarrollo.campo\", \"fields\": {\"hora\": null, \"atributo\": 1, \"fecha\": null, \"precision\": null, \"tipoItem\": 1, \"cadena\": \"32d\", \"item\": 3, \"mail\": null, \"numerico\": null, \"longitud\": null, \"logico\": null}}]", "revision": 7}}, {"pk": 32, "model": "reversion.version", "fields": {"format": "json", "object_repr": "Campo object", "object_id": "7", "content_type": 17, "object_id_int": 7, "serialized_data": "[{\"pk\": 7, \"model\": \"desarrollo.campo\", \"fields\": {\"hora\": null, \"atributo\": 2, \"fecha\": null, \"precision\": null, \"tipoItem\": 1, \"cadena\": null, \"item\": 3, \"mail\": null, \"numerico\": \"12\", \"longitud\": null, \"logico\": null}}]", "revision": 7}}, {"pk": 33, "model": "reversion.version", "fields": {"format": "json", "object_repr": "Campo object", "object_id": "8", "content_type": 17, "object_id_int": 8, "serialized_data": "[{\"pk\": 8, \"model\": \"desarrollo.campo\", \"fields\": {\"hora\": null, \"atributo\": 3, \"fecha\": null, \"precision\": null, \"tipoItem\": 1, \"cadena\": \"azul\", \"item\": 3, \"mail\": null, \"numerico\": null, \"longitud\": null, \"logico\": null}}]", "revision": 8}}, {"pk": 34, "model": "reversion.version", "fields": {"format": "json", "object_repr": "Relacion object", "object_id": "3", "content_type": 18, "object_id_int": 3, "serialized_data": "[{\"pk\": 3, \"model\": \"desarrollo.relacion\", \"fields\": {\"antecesor\": null, \"padre\": 2, \"item\": 3}}]", "revision": 8}}, {"pk": 35, "model": "reversion.version", "fields": {"format": "json", "object_repr": "item3fase1", "object_id": "3", "content_type": 16, "object_id_int": 3, "serialized_data": "[{\"pk\": 3, \"model\": \"desarrollo.item\", \"fields\": {\"Tipo\": 1, \"Usuario\": 3, \"Fecha\": \"2014-05-24T10:31:00.077Z\", \"CostoTemporal\": 2, \"Version\": 3, \"CostoUnitario\": 2, \"Descripcion\": \"asd\", \"Nombre\": \"item3fase1\", \"Estado\": \"CON\", \"Prioridad\": 1, \"Fase\": 1}}]", "revision": 8}}, {"pk": 36, "model": "reversion.version", "fields": {"format": "json", "object_repr": "Campo object", "object_id": "6", "content_type": 17, "object_id_int": 6, "serialized_data": "[{\"pk\": 6, \"model\": \"desarrollo.campo\", \"fields\": {\"hora\": null, \"atributo\": 1, \"fecha\": null, \"precision\": null, \"tipoItem\": 1, \"cadena\": \"32d\", \"item\": 3, \"mail\": null, \"numerico\": null, \"longitud\": null, \"logico\": null}}]", "revision": 8}}, {"pk": 37, "model": "reversion.version", "fields": {"format": "json", "object_repr": "Campo object", "object_id": "7", "content_type": 17, "object_id_int": 7, "serialized_data": "[{\"pk\": 7, \"model\": \"desarrollo.campo\", \"fields\": {\"hora\": null, \"atributo\": 2, \"fecha\": null, \"precision\": null, \"tipoItem\": 1, \"cadena\": null, \"item\": 3, \"mail\": null, \"numerico\": \"12.000\", \"longitud\": null, \"logico\": null}}]", "revision": 8}}, {"pk": 38, "model": "reversion.version", "fields": {"format": "json", "object_repr": "item1fase1", "object_id": "1", "content_type": 16, "object_id_int": 1, "serialized_data": "[{\"pk\": 1, \"model\": \"desarrollo.item\", \"fields\": {\"Tipo\": 1, \"Usuario\": 3, \"Fecha\": \"2014-05-24T10:31:30.790Z\", \"CostoTemporal\": 1, \"Version\": 2, \"CostoUnitario\": 1, \"Descripcion\": \"asd\", \"Nombre\": \"item1fase1\", \"Estado\": \"FIN\", \"Prioridad\": 2, \"Fase\": 1}}]", "revision": 9}}, {"pk": 39, "model": "reversion.version", "fields": {"format": "json", "object_repr": "item2fase1", "object_id": "2", "content_type": 16, "object_id_int": 2, "serialized_data": "[{\"pk\": 2, \"model\": \"desarrollo.item\", \"fields\": {\"Tipo\": 2, \"Usuario\": 3, \"Fecha\": \"2014-05-24T10:31:34.229Z\", \"CostoTemporal\": 2, \"Version\": 3, \"CostoUnitario\": 3, \"Descripcion\": \"aasd\", \"Nombre\": \"item2fase1\", \"Estado\": \"FIN\", \"Prioridad\": 1, \"Fase\": 1}}]", "revision": 10}}, {"pk": 40, "model": "reversion.version", "fields": {"format": "json", "object_repr": "item3fase1", "object_id": "3", "content_type": 16, "object_id_int": 3, "serialized_data": "[{\"pk\": 3, \"model\": \"desarrollo.item\", \"fields\": {\"Tipo\": 1, \"Usuario\": 3, \"Fecha\": \"2014-05-24T10:31:36.683Z\", \"CostoTemporal\": 2, \"Version\": 3, \"CostoUnitario\": 2, \"Descripcion\": \"asd\", \"Nombre\": \"item3fase1\", \"Estado\": \"FIN\", \"Prioridad\": 1, \"Fase\": 1}}]", "revision": 11}}, {"pk": 41, "model": "reversion.version", "fields": {"format": "json", "object_repr": "item1fase1", "object_id": "1", "content_type": 16, "object_id_int": 1, "serialized_data": "[{\"pk\": 1, \"model\": \"desarrollo.item\", \"fields\": {\"Tipo\": 1, \"Usuario\": 3, \"Fecha\": \"2014-05-24T10:32:35.809Z\", \"CostoTemporal\": 1, \"Version\": 2, \"CostoUnitario\": 1, \"Descripcion\": \"asd\", \"Nombre\": \"item1fase1\", \"Estado\": \"VAL\", \"Prioridad\": 2, \"Fase\": 1}}]", "revision": 12}}, {"pk": 42, "model": "reversion.version", "fields": {"format": "json", "object_repr": "item2fase1", "object_id": "2", "content_type": 16, "object_id_int": 2, "serialized_data": "[{\"pk\": 2, \"model\": \"desarrollo.item\", \"fields\": {\"Tipo\": 2, \"Usuario\": 3, \"Fecha\": \"2014-05-24T10:32:35.819Z\", \"CostoTemporal\": 2, \"Version\": 3, \"CostoUnitario\": 3, \"Descripcion\": \"aasd\", \"Nombre\": \"item2fase1\", \"Estado\": \"VAL\", \"Prioridad\": 1, \"Fase\": 1}}]", "revision": 12}}, {"pk": 43, "model": "reversion.version", "fields": {"format": "json", "object_repr": "item3fase1", "object_id": "3", "content_type": 16, "object_id_int": 3, "serialized_data": "[{\"pk\": 3, \"model\": \"desarrollo.item\", \"fields\": {\"Tipo\": 1, \"Usuario\": 3, \"Fecha\": \"2014-05-24T10:32:35.829Z\", \"CostoTemporal\": 2, \"Version\": 3, \"CostoUnitario\": 2, \"Descripcion\": \"asd\", \"Nombre\": \"item3fase1\", \"Estado\": \"VAL\", \"Prioridad\": 1, \"Fase\": 1}}]", "revision": 12}}, {"pk": 44, "model": "reversion.version", "fields": {"format": "json", "object_repr": "Campo object", "object_id": "9", "content_type": 17, "object_id_int": 9, "serialized_data": "[{\"pk\": 9, \"model\": \"desarrollo.campo\", \"fields\": {\"hora\": null, \"atributo\": 4, \"fecha\": null, \"precision\": null, \"tipoItem\": 3, \"cadena\": null, \"item\": 4, \"mail\": null, \"numerico\": null, \"longitud\": null, \"logico\": null}}]", "revision": 13}}, {"pk": 45, "model": "reversion.version", "fields": {"format": "json", "object_repr": "Campo object", "object_id": "10", "content_type": 17, "object_id_int": 10, "serialized_data": "[{\"pk\": 10, \"model\": \"desarrollo.campo\", \"fields\": {\"hora\": null, \"atributo\": 5, \"fecha\": null, \"precision\": null, \"tipoItem\": 3, \"cadena\": null, \"item\": 4, \"mail\": null, \"numerico\": null, \"longitud\": null, \"logico\": null}}]", "revision": 13}}, {"pk": 46, "model": "reversion.version", "fields": {"format": "json", "object_repr": "item1fase2", "object_id": "4", "content_type": 16, "object_id_int": 4, "serialized_data": "[{\"pk\": 4, \"model\": \"desarrollo.item\", \"fields\": {\"Tipo\": 3, \"Usuario\": 4, \"Fecha\": \"2014-05-24T10:52:43.577Z\", \"CostoTemporal\": 1, \"Version\": 1, \"CostoUnitario\": 1, \"Descripcion\": \"1\", \"Nombre\": \"item1fase2\", \"Estado\": \"CON\", \"Prioridad\": 1, \"Fase\": 2}}]", "revision": 13}}, {"pk": 47, "model": "reversion.version", "fields": {"format": "json", "object_repr": "Relacion object", "object_id": "4", "content_type": 18, "object_id_int": 4, "serialized_data": "[{\"pk\": 4, \"model\": \"desarrollo.relacion\", \"fields\": {\"antecesor\": null, \"padre\": null, \"item\": 4}}]", "revision": 13}}, {"pk": 48, "model": "reversion.version", "fields": {"format": "json", "object_repr": "Campo object", "object_id": "9", "content_type": 17, "object_id_int": 9, "serialized_data": "[{\"pk\": 9, \"model\": \"desarrollo.campo\", \"fields\": {\"hora\": null, \"atributo\": 4, \"fecha\": null, \"precision\": null, \"tipoItem\": 3, \"cadena\": null, \"item\": 4, \"mail\": null, \"numerico\": \"12\", \"longitud\": null, \"logico\": null}}]", "revision": 14}}, {"pk": 49, "model": "reversion.version", "fields": {"format": "json", "object_repr": "Campo object", "object_id": "10", "content_type": 17, "object_id_int": 10, "serialized_data": "[{\"pk\": 10, \"model\": \"desarrollo.campo\", \"fields\": {\"hora\": null, \"atributo\": 5, \"fecha\": null, \"precision\": null, \"tipoItem\": 3, \"cadena\": null, \"item\": 4, \"mail\": null, \"numerico\": \"12\", \"longitud\": null, \"logico\": null}}]", "revision": 14}}, {"pk": 50, "model": "reversion.version", "fields": {"format": "json", "object_repr": "item1fase2", "object_id": "4", "content_type": 16, "object_id_int": 4, "serialized_data": "[{\"pk\": 4, \"model\": \"desarrollo.item\", \"fields\": {\"Tipo\": 3, \"Usuario\": 4, \"Fecha\": \"2014-05-24T10:52:50.930Z\", \"CostoTemporal\": 1, \"Version\": 2, \"CostoUnitario\": 1, \"Descripcion\": \"1\", \"Nombre\": \"item1fase2\", \"Estado\": \"CON\", \"Prioridad\": 1, \"Fase\": 2}}]", "revision": 14}}, {"pk": 51, "model": "reversion.version", "fields": {"format": "json", "object_repr": "Relacion object", "object_id": "4", "content_type": 18, "object_id_int": 4, "serialized_data": "[{\"pk\": 4, \"model\": \"desarrollo.relacion\", \"fields\": {\"antecesor\": null, \"padre\": null, \"item\": 4}}]", "revision": 14}}, {"pk": 52, "model": "reversion.version", "fields": {"format": "json", "object_repr": "Relacion object", "object_id": "4", "content_type": 18, "object_id_int": 4, "serialized_data": "[{\"pk\": 4, \"model\": \"desarrollo.relacion\", \"fields\": {\"antecesor\": 3, \"padre\": null, \"item\": 4}}]", "revision": 15}}, {"pk": 53, "model": "reversion.version", "fields": {"format": "json", "object_repr": "Campo object", "object_id": "10", "content_type": 17, "object_id_int": 10, "serialized_data": "[{\"pk\": 10, \"model\": \"desarrollo.campo\", \"fields\": {\"hora\": null, \"atributo\": 5, \"fecha\": null, \"precision\": null, \"tipoItem\": 3, \"cadena\": null, \"item\": 4, \"mail\": null, \"numerico\": \"12.000\", \"longitud\": null, \"logico\": null}}]", "revision": 15}}, {"pk": 54, "model": "reversion.version", "fields": {"format": "json", "object_repr": "item1fase2", "object_id": "4", "content_type": 16, "object_id_int": 4, "serialized_data": "[{\"pk\": 4, \"model\": \"desarrollo.item\", \"fields\": {\"Tipo\": 3, \"Usuario\": 4, \"Fecha\": \"2014-05-24T10:53:05.090Z\", \"CostoTemporal\": 1, \"Version\": 3, \"CostoUnitario\": 1, \"Descripcion\": \"1\", \"Nombre\": \"item1fase2\", \"Estado\": \"CON\", \"Prioridad\": 1, \"Fase\": 2}}]", "revision": 15}}, {"pk": 55, "model": "reversion.version", "fields": {"format": "json", "object_repr": "Campo object", "object_id": "9", "content_type": 17, "object_id_int": 9, "serialized_data": "[{\"pk\": 9, \"model\": \"desarrollo.campo\", \"fields\": {\"hora\": null, \"atributo\": 4, \"fecha\": null, \"precision\": null, \"tipoItem\": 3, \"cadena\": null, \"item\": 4, \"mail\": null, \"numerico\": \"12.000\", \"longitud\": null, \"logico\": null}}]", "revision": 15}}

]
