[
{"pk": 1, "model": "auth.permission", "fields": {"codename": "add_logentry", "name": "Puede eliminar entradas del log", "content_type": 1}},
{"pk": 2, "model": "auth.permission", "fields": {"codename": "change_logentry", "name": "Puede cambiar entradas del log", "content_type": 1}},
{"pk": 3, "model": "auth.permission", "fields": {"codename": "delete_logentry", "name": "Puede eliminar entradas del log", "content_type": 1}},

{"pk": 4, "model": "auth.permission", "fields": {"codename": "add_permission", "name": "Puede agregar permisos", "content_type": 2}},
{"pk": 5, "model": "auth.permission", "fields": {"codename": "change_permission", "name": "Puede cambiar permisos", "content_type": 2}},
{"pk": 6, "model": "auth.permission", "fields": {"codename": "delete_permission", "name": "Puede eliminar permisos", "content_type": 2}},

{"pk": 7, "model": "auth.permission", "fields": {"codename": "add_group", "name": "Puede agregar rol", "content_type": 3}},
{"pk": 8, "model": "auth.permission", "fields": {"codename": "change_group", "name": "Puede cambiar rol", "content_type": 3}},
{"pk": 9, "model": "auth.permission", "fields": {"codename": "delete_group", "name": "Puede eliminar rol", "content_type": 3}},

{"pk": 10, "model": "auth.permission", "fields": {"codename": "add_user", "name": "Puede agregar usuario", "content_type": 4}},
{"pk": 11, "model": "auth.permission", "fields": {"codename": "change_user", "name": "Puede cambiar usuario", "content_type": 4}},
{"pk": 12, "model": "auth.permission", "fields": {"codename": "delete_user", "name": "Puede eliminar usuario", "content_type": 4}},

{"pk": 13, "model": "auth.permission", "fields": {"codename": "add_contenttype", "name": "Puede agregar content type", "content_type": 5}},
{"pk": 14, "model": "auth.permission", "fields": {"codename": "change_contenttype", "name": "Puede cambiar content type", "content_type": 5}},
{"pk": 15, "model": "auth.permission", "fields": {"codename": "delete_contenttype", "name": "Puede eliminar content type", "content_type": 5}},

{"pk": 16, "model": "auth.permission", "fields": {"codename": "add_session", "name": "Puede agregar sesion", "content_type": 6}},
{"pk": 17, "model": "auth.permission", "fields": {"codename": "change_session", "name": "Puede cambiar sesion", "content_type": 6}},
{"pk": 18, "model": "auth.permission", "fields": {"codename": "delete_session", "name": "Puede eliminar sesion", "content_type": 6}},

{"pk": 19, "model": "auth.permission", "fields": {"codename": "add_proyecto", "name": "Puede agregar proyecto", "content_type": 7}},
{"pk": 20, "model": "auth.permission", "fields": {"codename": "change_proyecto", "name": "Puede cambiar proyecto", "content_type": 7}},
{"pk": 21, "model": "auth.permission", "fields": {"codename": "delete_proyecto", "name": "Puede eliminar proyecto", "content_type": 7}},

{"pk": 22, "model": "auth.permission", "fields": {"codename": "add_fase", "name": "Puede agregar fase", "content_type": 8}},
{"pk": 23, "model": "auth.permission", "fields": {"codename": "change_fase", "name": "Puede cambiar fase", "content_type": 8}},
{"pk": 24, "model": "auth.permission", "fields": {"codename": "delete_fase", "name": "Puede eliminar fase", "content_type": 8}},

{"pk": 25, "model": "auth.permission", "fields": {"codename": "add_atributo", "name": "Puede agregar atributo", "content_type": 9}},
{"pk": 26, "model": "auth.permission", "fields": {"codename": "change_atributo", "name": "Puede cambiar atributo", "content_type": 9}},
{"pk": 27, "model": "auth.permission", "fields": {"codename": "delete_atributo", "name": "Puede eliminar atributo", "content_type": 9}},

{"pk": 28, "model": "auth.permission", "fields": {"codename": "add_tipodeitem", "name": "Puede agregar tipo de item", "content_type": 10}},
{"pk": 29, "model": "auth.permission", "fields": {"codename": "change_tipodeitem", "name": "Puede cambiar tipo de item", "content_type": 10}},
{"pk": 30, "model": "auth.permission", "fields": {"codename": "delete_tipodeitem", "name": "Puede eliminar tipo de item", "content_type": 10}},

{"pk": 31, "model": "auth.permission", "fields": {"codename": "consulta_user", "name": "Puede consultar usuario", "content_type": 4}},
{"pk": 32, "model": "auth.permission", "fields": {"codename": "consulta_group", "name": "Puede consultar rol", "content_type": 3}},
{"pk": 33, "model": "auth.permission", "fields": {"codename": "consulta_proyecto", "name": "Puede consultar proyecto", "content_type": 7}},
{"pk": 34, "model": "auth.permission", "fields": {"codename": "consulta_fase", "name": "Puede consultar fase", "content_type": 8}},
{"pk": 35, "model": "auth.permission", "fields": {"codename": "consulta_atributo", "name": "Puede consultar atributo", "content_type": 9}},
{"pk": 36, "model": "auth.permission", "fields": {"codename": "consulta_tipodeitem", "name": "Puede consultar tipo de item", "content_type": 10}},
{"pk": 37, "model": "auth.permission", "fields": {"codename": "acceso_desarrollo", "name": "Puede acceder al modulo de desarrollo", "content_type": 4}},

{"pk": 38, "model": "auth.permission", "fields": {"codename": "change_campo", "name": "Puede cambiar campo", "content_type": 13}},
{"pk": 39, "model": "auth.permission", "fields": {"codename": "delete_campo", "name": "Puede eliminar campo", "content_type": 13}},

{"pk": 40, "model": "auth.permission", "fields": {"codename": "add_relacion", "name": "Puede agregar relacion", "content_type": 14}},
{"pk": 41, "model": "auth.permission", "fields": {"codename": "change_relacion", "name": "Puede cambiar relacion", "content_type": 14}},
{"pk": 42, "model": "auth.permission", "fields": {"codename": "delete_relacion", "name": "Puede eliminar relacion", "content_type": 14}},

{"pk": 43, "model": "auth.permission", "fields": {"codename": "add_archivo", "name": "Puede agregar archivo", "content_type": 15}},
{"pk": 44, "model": "auth.permission", "fields": {"codename": "change_archivo", "name": "Puede cambiar archivo", "content_type": 15}},
{"pk": 45, "model": "auth.permission", "fields": {"codename": "delete_archivo", "name": "Puede eliminar archivo", "content_type": 15}},

{"pk": 46, "model": "auth.permission", "fields": {"codename": "add_revision", "name": "Puede agregar revision", "content_type": 16}},
{"pk": 47, "model": "auth.permission", "fields": {"codename": "change_revision", "name": "Puede cambiar revision", "content_type": 16}},
{"pk": 48, "model": "auth.permission", "fields": {"codename": "delete_revision", "name": "Puede eliminar revision", "content_type": 16}},

{"pk": 49, "model": "auth.permission", "fields": {"codename": "add_version", "name": "Puede agregar version", "content_type": 17}},
{"pk": 50, "model": "auth.permission", "fields": {"codename": "change_version", "name": "Puede cambiar version", "content_type": 17}},
{"pk": 51, "model": "auth.permission", "fields": {"codename": "delete_version", "name": "Puede eliminar version", "content_type": 17}},

{"pk": 52, "model": "auth.permission", "fields": {"codename": "add_lineabase", "name": "Puede agregar linea base", "content_type": 11}},
{"pk": 53, "model": "auth.permission", "fields": {"codename": "change_lineabase", "name": "Puede cambiar linea base", "content_type": 11}},
{"pk": 54, "model": "auth.permission", "fields": {"codename": "delete_lineabase", "name": "Puede eliminar linea base", "content_type": 11}},

{"pk": 55, "model": "auth.permission", "fields": {"codename": "add_comitedecambio", "name": "Puede agregar comite de cambio", "content_type": 18}},
{"pk": 56, "model": "auth.permission", "fields": {"codename": "change_comitedecambio", "name": "Puede cambiar comite de cambio", "content_type": 18}},
{"pk": 57, "model": "auth.permission", "fields": {"codename": "delete_comitedecambio", "name": "Puede agregar eliminar comite de cambio", "content_type": 18}},

{"pk": 58, "model": "auth.permission", "fields": {"codename": "add_item", "name": "Puede agregar item", "content_type": 12}},
{"pk": 59, "model": "auth.permission", "fields": {"codename": "change_item", "name": "Puede gestionar item", "content_type": 12}},
{"pk": 60, "model": "auth.permission", "fields": {"codename": "delete_item", "name": "Puede eliminar item", "content_type": 12}},

{"pk": 61, "model": "auth.permission", "fields": {"codename": "add_campo", "name": "Puede agregar campo", "content_type": 13}},

{"pk": 62, "model": "auth.permission", "fields": {"codename": "consulta_item", "name": "Puede consultar item", "content_type": 12}},
{"pk": 63, "model": "auth.permission", "fields": {"codename": "aprueba_item", "name": "Puede aprobar item", "content_type": 12}},
{"pk": 64, "model": "auth.permission", "fields": {"codename": "desaprueba_item", "name": "Puede desaprobar item", "content_type": 12}},
{"pk": 65, "model": "auth.permission", "fields": {"codename": "solicita_item", "name": "Puede solicitar cambio", "content_type": 12}},
{"pk": 66, "model": "auth.permission", "fields": {"codename": "revive_item", "name": "Puede revivir item", "content_type": 12}},
{"pk": 67, "model": "auth.permission", "fields": {"codename": "reversiona_item", "name": "Puede reversionar item", "content_type": 12}},


{"pk": 1, "model": "auth.group", "fields": {"name": "Administrador", "permissions": [10, 11, 12, 19, 20, 31, 33]}},
{"pk": 2, "model": "auth.group", "fields": {"name": "Lider de Proyecto", "permissions": [7, 8, 9, 11, 20, 21, 22, 23, 24, 25, 26, 27, 28, 29, 30, 32, 33, 34, 35, 36]}},
{"pk": 4, "model": "auth.group", "fields": {"name": "Integrante de Comite", "permissions": []}},


{"pk": 1, "model": "auth.group", "fields": {"Proyecto": null, "Fecha": null, "permissions": [19, 20, 33, 10, 11, 31, 12], "name": "Administrador", "Usuario": null}}, {"pk": 2, "model": "auth.group", "fields": {"Proyecto": null, "Fecha": null, "permissions": [25, 26, 35, 27, 22, 23, 34, 24, 20, 33, 21, 28, 29, 36, 30, 7, 8, 32, 9, 11], "name": "Lider de Proyecto", "Usuario": null}}, {"pk": 4, "model": "auth.group", "fields": {"Proyecto": null, "Fecha": null, "permissions": [], "name": "Integrante de Comite", "Usuario": null}}, {"pk": 5, "model": "auth.group", "fields": {"Proyecto": 1, "Fecha": "2014-06-21T05:33:18.017Z", "permissions": [58, 63, 59, 62, 60, 64, 67, 66, 65], "name": "Desarrollador", "Usuario": 2}}, {"pk": 6, "model": "auth.group", "fields": {"Proyecto": 1, "Fecha": "2014-06-21T05:34:57.329Z", "permissions": [62], "name": "Visitante", "Usuario": 2}}, {"pk": 7, "model": "auth.group", "fields": {"Proyecto": 2, "Fecha": "2014-06-21T07:04:51.075Z", "permissions": [58, 63, 59, 62, 60, 64, 67, 66, 65], "name": "desarrollador", "Usuario": 3}}, {"pk": 8, "model": "auth.group", "fields": {"Proyecto": 2, "Fecha": "2014-06-21T07:05:04.668Z", "permissions": [62], "name": "visitante", "Usuario": 3}},
{"pk": 1, "model": "auth.user", "fields": {"username": "admin", "first_name": "", "last_name": "", "is_active": true, "direccion": null, "is_superuser": true, "is_staff": true, "last_login": "2014-06-21T05:13:46.923Z", "groups": [1], "observacion": null, "user_permissions": [], "password": "pbkdf2_sha256$12000$AnJxwOSVgitq$SJEs+1vz7s7BTHhYyFc3j//P2GhdtWaC8L+cw/XA9so=", "telefono": null, "email": "", "date_joined": "2014-04-20T17:54:29.616Z"}}, {"pk": 2, "model": "auth.user", "fields": {"username": "lider1", "first_name": "", "last_name": "", "is_active": true, "direccion": null, "is_superuser": false, "is_staff": false, "last_login": "2014-06-21T07:35:10.218Z", "groups": [2, 4], "observacion": null, "user_permissions": [], "password": "pbkdf2_sha256$12000$2dCmojM0226K$vQ0tJFa9vTcbmX7jvUhKf4Hr6csgFnxLbJhk3myXT1M=", "telefono": null, "email": "", "date_joined": "2014-06-21T05:14:13.967Z"}}, {"pk": 3, "model": "auth.user", "fields": {"username": "lider2", "first_name": "", "last_name": "", "is_active": true, "direccion": null, "is_superuser": false, "is_staff": false, "last_login": "2014-06-21T07:26:44.814Z", "groups": [2], "observacion": null, "user_permissions": [], "password": "pbkdf2_sha256$12000$vmZyxfO62QYT$zqoat3L5bxScx7R4b/7QDL6mfLfN7vpejjvoyZNE61k=", "telefono": null, "email": "", "date_joined": "2014-06-21T05:14:27.085Z"}}, {"pk": 4, "model": "auth.user", "fields": {"username": "desarrollador1", "first_name": "", "last_name": "", "is_active": true, "direccion": null, "is_superuser": false, "is_staff": false, "last_login": "2014-06-21T07:34:01.937Z", "groups": [4, 5, 7], "observacion": null, "user_permissions": [], "password": "pbkdf2_sha256$12000$K6XR0eVkoNRi$trpFwkBh5QdV/Uyo9Z4LOaldFQh6S9m1515RUtEGANY=", "telefono": null, "email": "", "date_joined": "2014-06-21T05:14:38.397Z"}}, {"pk": 5, "model": "auth.user", "fields": {"username": "desarrollador2", "first_name": "", "last_name": "", "is_active": true, "direccion": null, "is_superuser": false, "is_staff": false, "last_login": "2014-06-21T07:27:19.058Z", "groups": [4, 5, 7], "observacion": null, "user_permissions": [], "password": "pbkdf2_sha256$12000$lHbRyDp5avmB$NltAnUqodx2CurLiconn65qi+wbke89BB9uIJRO0zBc=", "telefono": null, "email": "", "date_joined": "2014-06-21T05:14:47.914Z"}}, {"pk": 6, "model": "auth.user", "fields": {"username": "desarrollador3", "first_name": "", "last_name": "", "is_active": true, "direccion": null, "is_superuser": false, "is_staff": false, "last_login": "2014-06-21T05:14:55.470Z", "groups": [7], "observacion": null, "user_permissions": [], "password": "pbkdf2_sha256$12000$vnmLFrJLnbn1$M/OwBcHiDKm+2lTDacDIuLGoK6C5KQQMyxrG4Oyg6mo=", "telefono": null, "email": "", "date_joined": "2014-06-21T05:14:55.470Z"}}, {"pk": 7, "model": "auth.user", "fields": {"username": "desarrollador4", "first_name": "", "last_name": "", "is_active": true, "direccion": null, "is_superuser": false, "is_staff": false, "last_login": "2014-06-21T05:15:02.804Z", "groups": [7], "observacion": null, "user_permissions": [], "password": "pbkdf2_sha256$12000$Rp7SDmqWp7ej$wunX3pROHd+6laDJNecVBt0zyj2z41LbsZySY8jKINo=", "telefono": null, "email": "", "date_joined": "2014-06-21T05:15:02.804Z"}}, {"pk": 8, "model": "auth.user", "fields": {"username": "visitante1", "first_name": "", "last_name": "", "is_active": true, "direccion": null, "is_superuser": false, "is_staff": false, "last_login": "2014-06-21T05:15:16.327Z", "groups": [], "observacion": null, "user_permissions": [], "password": "pbkdf2_sha256$12000$gvUXGC1UDTeH$AKSQ0gFz8FZW7D8mE9OIy6Fuavhl7ms+odlVWVhtEW0=", "telefono": null, "email": "", "date_joined": "2014-06-21T05:15:16.327Z"}}, {"pk": 9, "model": "auth.user", "fields": {"username": "visitante2", "first_name": "", "last_name": "", "is_active": true, "direccion": null, "is_superuser": false, "is_staff": false, "last_login": "2014-06-21T05:15:26.923Z", "groups": [], "observacion": null, "user_permissions": [], "password": "pbkdf2_sha256$12000$H8fnOccZakXZ$p1yZvDVWgPvoG682Ns7D1rOYe+5IhwH43uUQTbvxhmU=", "telefono": null, "email": "", "date_joined": "2014-06-21T05:15:26.923Z"}},

{"pk": 1, "model": "administracion.proyecto", "fields": {"nFases": 2, "Lider": 2, "Fecha": "2014-06-21T05:32:38.734Z", "Usuario": 1, "Fecha_finalizacion": "2014-06-28", "Fecha_inicio": "2014-06-21", "Descripcion": "123", "Nombre": "proyecto1", "Usuarios": [4, 5], "Estado": "A"}}, {"pk": 2, "model": "administracion.proyecto", "fields": {"nFases": 3, "Lider": 3, "Fecha": "2014-06-21T07:03:19.291Z", "Usuario": 1, "Fecha_finalizacion": "2014-08-01", "Fecha_inicio": "2014-06-21", "Descripcion": "123", "Nombre": "proyecto2", "Usuarios": [4, 5, 6, 7], "Estado": "A"}}, {"pk": 3, "model": "administracion.proyecto", "fields": {"nFases": 2, "Lider": 2, "Fecha": "2014-06-21T05:28:46.580Z", "Usuario": 1, "Fecha_finalizacion": "2015-08-05", "Fecha_inicio": "2014-06-21", "Descripcion": "123", "Nombre": "proyecto3", "Usuarios": [], "Estado": "P"}}, {"pk": 1, "model": "administracion.fase", "fields": {"Usuario": 2, "Fecha": "2014-06-21T05:36:04.619Z", "Numero": 1, "Proyecto": 1, "Descripcion": "fase1", "Nombre": "fase1", "Usuarios": [4], "Estado": "INI"}}, {"pk": 2, "model": "administracion.fase", "fields": {"Usuario": 2, "Fecha": "2014-06-21T06:53:04.929Z", "Numero": 2, "Proyecto": 1, "Descripcion": "fase2", "Nombre": "fase2", "Usuarios": [5], "Estado": "INI"}}, {"pk": 4, "model": "administracion.fase", "fields": {"Usuario": 2, "Fecha": "2014-06-21T05:28:32.436Z", "Numero": 1, "Proyecto": 3, "Descripcion": "aasd", "Nombre": "fase1", "Usuarios": [], "Estado": "PEN"}}, {"pk": 5, "model": "administracion.fase", "fields": {"Usuario": 2, "Fecha": "2014-06-21T05:28:46.575Z", "Numero": 2, "Proyecto": 3, "Descripcion": "fase2", "Nombre": "fase2", "Usuarios": [], "Estado": "PEN"}}, {"pk": 6, "model": "administracion.fase", "fields": {"Usuario": 3, "Fecha": "2014-06-21T07:07:08.702Z", "Numero": 1, "Proyecto": 2, "Descripcion": "fase1", "Nombre": "fase1", "Usuarios": [4], "Estado": "INI"}}, {"pk": 7, "model": "administracion.fase", "fields": {"Usuario": 3, "Fecha": "2014-06-21T07:12:40.079Z", "Numero": 2, "Proyecto": 2, "Descripcion": "fase2", "Nombre": "fase2", "Usuarios": [5, 7], "Estado": "INI"}}, {"pk": 8, "model": "administracion.fase", "fields": {"Usuario": 3, "Fecha": "2014-06-21T07:07:05.462Z", "Numero": 3, "Proyecto": 2, "Descripcion": "fase3", "Nombre": "fase3", "Usuarios": [6], "Estado": "PEN"}}, {"pk": 1, "model": "administracion.atributo", "fields": {"Tipo": "N", "Usuario": 2, "Fecha": "2014-06-21T05:22:44.241Z", "Descripcion": "costo", "Nombre": "costo", "Fase": 1}}, {"pk": 2, "model": "administracion.atributo", "fields": {"Tipo": "N", "Usuario": 2, "Fecha": "2014-06-21T05:22:56.360Z", "Descripcion": "cantidad", "Nombre": "cantidad", "Fase": 1}}, {"pk": 3, "model": "administracion.atributo", "fields": {"Tipo": "N", "Usuario": 3, "Fecha": "2014-06-21T07:01:24.082Z", "Descripcion": "costo", "Nombre": "precio", "Fase": 6}}, {"pk": 4, "model": "administracion.atributo", "fields": {"Tipo": "N", "Usuario": 2, "Fecha": "2014-06-21T07:31:02.753Z", "Descripcion": "area", "Nombre": "area", "Fase": 4}}, {"pk": 5, "model": "administracion.atributo", "fields": {"Tipo": "N", "Usuario": 2, "Fecha": "2014-06-21T07:31:11.761Z", "Descripcion": "perimetro", "Nombre": "perimetro", "Fase": 4}}, {"pk": 1, "model": "administracion.tipodeitem", "fields": {"Nombre": "producto", "Fecha": "2014-06-21T05:23:14.369Z", "Fase": 1, "Atributos": [1, 2], "Usuario": 2}}, {"pk": 2, "model": "administracion.tipodeitem", "fields": {"Nombre": "producto", "Fecha": "2014-06-21T05:23:22.275Z", "Fase": 2, "Atributos": [1, 2], "Usuario": 2}}, {"pk": 5, "model": "administracion.tipodeitem", "fields": {"Nombre": "producto", "Fecha": "2014-06-21T07:02:05.672Z", "Fase": 6, "Atributos": [3], "Usuario": 3}}, {"pk": 6, "model": "administracion.tipodeitem", "fields": {"Nombre": "producto", "Fecha": "2014-06-21T07:02:23.984Z", "Fase": 7, "Atributos": [3], "Usuario": 3}}, {"pk": 7, "model": "administracion.tipodeitem", "fields": {"Nombre": "producto", "Fecha": "2014-06-21T07:02:33.091Z", "Fase": 8, "Atributos": [3], "Usuario": 3}}, {"pk": 8, "model": "administracion.tipodeitem", "fields": {"Nombre": "figura", "Fecha": "2014-06-21T07:31:44.971Z", "Fase": 4, "Atributos": [4, 5], "Usuario": 2}}, {"pk": 9, "model": "administracion.tipodeitem", "fields": {"Nombre": "figura", "Fecha": "2014-06-21T07:33:02.798Z", "Fase": 5, "Atributos": [4, 5], "Usuario": 2}},

{"pk": 1, "model": "desarrollo.item", "fields": {"Tipo": 1, "Usuario": 4, "Fecha": "2014-06-21T06:52:36.607Z", "CostoTemporal": 2, "Version": 2, "CostoUnitario": 3, "condicion": "A", "Descripcion": "remera", "Nombre": "remera", "Estado": "VAL", "Prioridad": 1, "Fase": 1}}, {"pk": 2, "model": "desarrollo.item", "fields": {"Tipo": 1, "Usuario": 4, "Fecha": "2014-06-21T06:52:36.621Z", "CostoTemporal": 2, "Version": 4, "CostoUnitario": 2, "condicion": "A", "Descripcion": "pantalon", "Nombre": "pantalon", "Estado": "VAL", "Prioridad": 3, "Fase": 1}}, {"pk": 3, "model": "desarrollo.item", "fields": {"Tipo": 1, "Usuario": 4, "Fecha": "2014-06-21T06:52:45.739Z", "CostoTemporal": 2, "Version": 2, "CostoUnitario": 2, "condicion": "A", "Descripcion": "medias", "Nombre": "medias", "Estado": "VAL", "Prioridad": 2, "Fase": 1}}, {"pk": 4, "model": "desarrollo.item", "fields": {"Tipo": 1, "Usuario": 4, "Fecha": "2014-06-21T06:06:15.187Z", "CostoTemporal": 12, "Version": 2, "CostoUnitario": 12, "condicion": "E", "Descripcion": "qwe", "Nombre": "item", "Estado": "CON", "Prioridad": 12, "Fase": 1}}, {"pk": 5, "model": "desarrollo.item", "fields": {"Tipo": 1, "Usuario": 4, "Fecha": "2014-06-21T06:06:18.217Z", "CostoTemporal": 1, "Version": 3, "CostoUnitario": 11, "condicion": "E", "Descripcion": "qwe", "Nombre": "qwe", "Estado": "CON", "Prioridad": 12, "Fase": 1}}, {"pk": 6, "model": "desarrollo.item", "fields": {"Tipo": 1, "Usuario": 4, "Fecha": "2014-06-21T06:08:13.534Z", "CostoTemporal": 2, "Version": 2, "CostoUnitario": 2, "condicion": "E", "Descripcion": "as", "Nombre": "asd", "Estado": "CON", "Prioridad": 2, "Fase": 1}}, {"pk": 7, "model": "desarrollo.item", "fields": {"Tipo": 1, "Usuario": 4, "Fecha": "2014-06-21T06:43:36.501Z", "CostoTemporal": 1, "Version": 2, "CostoUnitario": 1, "condicion": "E", "Descripcion": "1", "Nombre": "zxc", "Estado": "CON", "Prioridad": 1, "Fase": 1}}, {"pk": 8, "model": "desarrollo.item", "fields": {"Tipo": 1, "Usuario": 4, "Fecha": "2014-06-21T06:43:38.960Z", "CostoTemporal": 1, "Version": 2, "CostoUnitario": 1, "condicion": "E", "Descripcion": "1", "Nombre": "12nn", "Estado": "CON", "Prioridad": 1, "Fase": 1}}, {"pk": 9, "model": "desarrollo.item", "fields": {"Tipo": 1, "Usuario": 4, "Fecha": "2014-06-21T06:43:44.165Z", "CostoTemporal": 1, "Version": 4, "CostoUnitario": 1, "condicion": "E", "Descripcion": "123", "Nombre": "item1", "Estado": "CON", "Prioridad": 1, "Fase": 1}}, {"pk": 10, "model": "desarrollo.item", "fields": {"Tipo": 1, "Usuario": 4, "Fecha": "2014-06-21T06:43:41.383Z", "CostoTemporal": 1, "Version": 3, "CostoUnitario": 1, "condicion": "E", "Descripcion": "nuevo", "Nombre": "nuevo", "Estado": "CON", "Prioridad": 1, "Fase": 1}}, {"pk": 11, "model": "desarrollo.item", "fields": {"Tipo": 1, "Usuario": 4, "Fecha": "2014-06-21T06:49:19.845Z", "CostoTemporal": 1, "Version": 4, "CostoUnitario": 1, "condicion": "E", "Descripcion": "a", "Nombre": "hola", "Estado": "CON", "Prioridad": 1, "Fase": 1}}, {"pk": 12, "model": "desarrollo.item", "fields": {"Tipo": 1, "Usuario": 4, "Fecha": "2014-06-21T06:49:16.794Z", "CostoTemporal": 1, "Version": 5, "CostoUnitario": 1, "condicion": "E", "Descripcion": "chau", "Nombre": "chau", "Estado": "CON", "Prioridad": 1, "Fase": 1}}, {"pk": 13, "model": "desarrollo.item", "fields": {"Tipo": 1, "Usuario": 4, "Fecha": "2014-06-21T06:51:56.453Z", "CostoTemporal": 1, "Version": 4, "CostoUnitario": 1, "condicion": "E", "Descripcion": "1", "Nombre": "1", "Estado": "CON", "Prioridad": 1, "Fase": 1}}, {"pk": 14, "model": "desarrollo.item", "fields": {"Tipo": 2, "Usuario": 5, "Fecha": "2014-06-21T07:24:41.746Z", "CostoTemporal": 3, "Version": 7, "CostoUnitario": 3, "condicion": "A", "Descripcion": "uniforme", "Nombre": "uniforme", "Estado": "VAL", "Prioridad": 3, "Fase": 2}}, {"pk": 15, "model": "desarrollo.item", "fields": {"Tipo": 2, "Usuario": 5, "Fecha": "2014-06-21T07:24:41.755Z", "CostoTemporal": 5, "Version": 4, "CostoUnitario": 5, "condicion": "A", "Descripcion": "jean", "Nombre": "jean", "Estado": "VAL", "Prioridad": 5, "Fase": 2}}, {"pk": 16, "model": "desarrollo.item", "fields": {"Tipo": 2, "Usuario": 5, "Fecha": "2014-06-21T07:24:41.734Z", "CostoTemporal": 2, "Version": 2, "CostoUnitario": 2, "condicion": "A", "Descripcion": "short", "Nombre": "short", "Estado": "VAL", "Prioridad": 2, "Fase": 2}}, {"pk": 17, "model": "desarrollo.item", "fields": {"Tipo": 2, "Usuario": 5, "Fecha": "2014-06-21T07:24:41.743Z", "CostoTemporal": 3, "Version": 2, "CostoUnitario": 3, "condicion": "A", "Descripcion": "camisa", "Nombre": "camisa", "Estado": "VAL", "Prioridad": 3, "Fase": 2}}, {"pk": 18, "model": "desarrollo.item", "fields": {"Tipo": 5, "Usuario": 4, "Fecha": "2014-06-21T07:12:17.881Z", "CostoTemporal": 10, "Version": 2, "CostoUnitario": 10, "condicion": "A", "Descripcion": "terreno", "Nombre": "terreno", "Estado": "VAL", "Prioridad": 10, "Fase": 6}}, {"pk": 19, "model": "desarrollo.item", "fields": {"Tipo": 5, "Usuario": 4, "Fecha": "2014-06-21T07:27:12.538Z", "CostoTemporal": 2, "Version": 3, "CostoUnitario": 2, "condicion": "A", "Descripcion": "arbol", "Nombre": "arbol", "Estado": "VAL", "Prioridad": 2, "Fase": 6}}, {"pk": 20, "model": "desarrollo.item", "fields": {"Tipo": 5, "Usuario": 4, "Fecha": "2014-06-21T07:27:12.548Z", "CostoTemporal": 6, "Version": 3, "CostoUnitario": 6, "condicion": "A", "Descripcion": "chacra", "Nombre": "chacra", "Estado": "VAL", "Prioridad": 6, "Fase": 6}}, {"pk": 21, "model": "desarrollo.item", "fields": {"Tipo": 6, "Usuario": 5, "Fecha": "2014-06-21T07:27:30.425Z", "CostoTemporal": 2, "Version": 3, "CostoUnitario": 2, "condicion": "A", "Descripcion": "naranjo", "Nombre": "naranjo", "Estado": "CON", "Prioridad": 2, "Fase": 7}}, {"pk": 22, "model": "desarrollo.item", "fields": {"Tipo": 6, "Usuario": 5, "Fecha": "2014-06-21T07:13:39.833Z", "CostoTemporal": 3, "Version": 2, "CostoUnitario": 3, "condicion": "A", "Descripcion": "mango", "Nombre": "mango", "Estado": "CON", "Prioridad": 3, "Fase": 7}}, {"pk": 23, "model": "desarrollo.item", "fields": {"Tipo": 6, "Usuario": 5, "Fecha": "2014-06-21T07:27:42.672Z", "CostoTemporal": 7, "Version": 3, "CostoUnitario": 7, "condicion": "A", "Descripcion": "verduras", "Nombre": "verduras", "Estado": "CON", "Prioridad": 7, "Fase": 7}}, {"pk": 1, "model": "desarrollo.campo", "fields": {"hora": null, "atributo": 1, "fecha": null, "precision": null, "tipoItem": 1, "cadena": null, "item": 1, "mail": null, "numerico": "1200.000", "longitud": null, "logico": null}}, {"pk": 2, "model": "desarrollo.campo", "fields": {"hora": null, "atributo": 2, "fecha": null, "precision": null, "tipoItem": 1, "cadena": null, "item": 1, "mail": null, "numerico": "12.000", "longitud": null, "logico": null}}, {"pk": 3, "model": "desarrollo.campo", "fields": {"hora": null, "atributo": 1, "fecha": null, "precision": null, "tipoItem": 1, "cadena": null, "item": 2, "mail": null, "numerico": "1234.000", "longitud": null, "logico": null}}, {"pk": 4, "model": "desarrollo.campo", "fields": {"hora": null, "atributo": 2, "fecha": null, "precision": null, "tipoItem": 1, "cadena": null, "item": 2, "mail": null, "numerico": "12.000", "longitud": null, "logico": null}}, {"pk": 5, "model": "desarrollo.campo", "fields": {"hora": null, "atributo": 1, "fecha": null, "precision": null, "tipoItem": 1, "cadena": null, "item": 3, "mail": null, "numerico": "4321.000", "longitud": null, "logico": null}}, {"pk": 6, "model": "desarrollo.campo", "fields": {"hora": null, "atributo": 2, "fecha": null, "precision": null, "tipoItem": 1, "cadena": null, "item": 3, "mail": null, "numerico": "32.000", "longitud": null, "logico": null}}, {"pk": 7, "model": "desarrollo.campo", "fields": {"hora": null, "atributo": 1, "fecha": null, "precision": null, "tipoItem": 1, "cadena": null, "item": 4, "mail": null, "numerico": "122.000", "longitud": null, "logico": null}}, {"pk": 8, "model": "desarrollo.campo", "fields": {"hora": null, "atributo": 2, "fecha": null, "precision": null, "tipoItem": 1, "cadena": null, "item": 4, "mail": null, "numerico": "1222.000", "longitud": null, "logico": null}}, {"pk": 9, "model": "desarrollo.campo", "fields": {"hora": null, "atributo": 1, "fecha": null, "precision": null, "tipoItem": 1, "cadena": null, "item": 5, "mail": null, "numerico": "1.000", "longitud": null, "logico": null}}, {"pk": 10, "model": "desarrollo.campo", "fields": {"hora": null, "atributo": 2, "fecha": null, "precision": null, "tipoItem": 1, "cadena": null, "item": 5, "mail": null, "numerico": "12.000", "longitud": null, "logico": null}}, {"pk": 11, "model": "desarrollo.campo", "fields": {"hora": null, "atributo": 1, "fecha": null, "precision": null, "tipoItem": 1, "cadena": null, "item": 6, "mail": null, "numerico": null, "longitud": null, "logico": null}}, {"pk": 12, "model": "desarrollo.campo", "fields": {"hora": null, "atributo": 2, "fecha": null, "precision": null, "tipoItem": 1, "cadena": null, "item": 6, "mail": null, "numerico": null, "longitud": null, "logico": null}}, {"pk": 13, "model": "desarrollo.campo", "fields": {"hora": null, "atributo": 1, "fecha": null, "precision": null, "tipoItem": 1, "cadena": null, "item": 7, "mail": null, "numerico": null, "longitud": null, "logico": null}}, {"pk": 14, "model": "desarrollo.campo", "fields": {"hora": null, "atributo": 2, "fecha": null, "precision": null, "tipoItem": 1, "cadena": null, "item": 7, "mail": null, "numerico": null, "longitud": null, "logico": null}}, {"pk": 15, "model": "desarrollo.campo", "fields": {"hora": null, "atributo": 1, "fecha": null, "precision": null, "tipoItem": 1, "cadena": null, "item": 8, "mail": null, "numerico": "1.000", "longitud": null, "logico": null}}, {"pk": 16, "model": "desarrollo.campo", "fields": {"hora": null, "atributo": 2, "fecha": null, "precision": null, "tipoItem": 1, "cadena": null, "item": 8, "mail": null, "numerico": "1.000", "longitud": null, "logico": null}}, {"pk": 17, "model": "desarrollo.campo", "fields": {"hora": null, "atributo": 1, "fecha": null, "precision": null, "tipoItem": 1, "cadena": null, "item": 9, "mail": null, "numerico": null, "longitud": null, "logico": null}}, {"pk": 18, "model": "desarrollo.campo", "fields": {"hora": null, "atributo": 2, "fecha": null, "precision": null, "tipoItem": 1, "cadena": null, "item": 9, "mail": null, "numerico": null, "longitud": null, "logico": null}}, {"pk": 19, "model": "desarrollo.campo", "fields": {"hora": null, "atributo": 1, "fecha": null, "precision": null, "tipoItem": 1, "cadena": null, "item": 10, "mail": null, "numerico": null, "longitud": null, "logico": null}}, {"pk": 20, "model": "desarrollo.campo", "fields": {"hora": null, "atributo": 2, "fecha": null, "precision": null, "tipoItem": 1, "cadena": null, "item": 10, "mail": null, "numerico": null, "longitud": null, "logico": null}}, {"pk": 21, "model": "desarrollo.campo", "fields": {"hora": null, "atributo": 1, "fecha": null, "precision": null, "tipoItem": 1, "cadena": null, "item": 11, "mail": null, "numerico": null, "longitud": null, "logico": null}}, {"pk": 22, "model": "desarrollo.campo", "fields": {"hora": null, "atributo": 2, "fecha": null, "precision": null, "tipoItem": 1, "cadena": null, "item": 11, "mail": null, "numerico": null, "longitud": null, "logico": null}}, {"pk": 23, "model": "desarrollo.campo", "fields": {"hora": null, "atributo": 1, "fecha": null, "precision": null, "tipoItem": 1, "cadena": null, "item": 12, "mail": null, "numerico": "1.000", "longitud": null, "logico": null}}, {"pk": 24, "model": "desarrollo.campo", "fields": {"hora": null, "atributo": 2, "fecha": null, "precision": null, "tipoItem": 1, "cadena": null, "item": 12, "mail": null, "numerico": "1.000", "longitud": null, "logico": null}}, {"pk": 25, "model": "desarrollo.campo", "fields": {"hora": null, "atributo": 1, "fecha": null, "precision": null, "tipoItem": 1, "cadena": null, "item": 13, "mail": null, "numerico": null, "longitud": null, "logico": null}}, {"pk": 26, "model": "desarrollo.campo", "fields": {"hora": null, "atributo": 2, "fecha": null, "precision": null, "tipoItem": 1, "cadena": null, "item": 13, "mail": null, "numerico": null, "longitud": null, "logico": null}}, {"pk": 27, "model": "desarrollo.campo", "fields": {"hora": null, "atributo": 1, "fecha": null, "precision": null, "tipoItem": 2, "cadena": null, "item": 14, "mail": null, "numerico": "30.000", "longitud": null, "logico": null}}, {"pk": 28, "model": "desarrollo.campo", "fields": {"hora": null, "atributo": 2, "fecha": null, "precision": null, "tipoItem": 2, "cadena": null, "item": 14, "mail": null, "numerico": "10000.000", "longitud": null, "logico": null}}, {"pk": 29, "model": "desarrollo.campo", "fields": {"hora": null, "atributo": 1, "fecha": null, "precision": null, "tipoItem": 2, "cadena": null, "item": 15, "mail": null, "numerico": "55.000", "longitud": null, "logico": null}}, {"pk": 30, "model": "desarrollo.campo", "fields": {"hora": null, "atributo": 2, "fecha": null, "precision": null, "tipoItem": 2, "cadena": null, "item": 15, "mail": null, "numerico": "55.000", "longitud": null, "logico": null}}, {"pk": 31, "model": "desarrollo.campo", "fields": {"hora": null, "atributo": 1, "fecha": null, "precision": null, "tipoItem": 2, "cadena": null, "item": 16, "mail": null, "numerico": null, "longitud": null, "logico": null}}, {"pk": 32, "model": "desarrollo.campo", "fields": {"hora": null, "atributo": 2, "fecha": null, "precision": null, "tipoItem": 2, "cadena": null, "item": 16, "mail": null, "numerico": null, "longitud": null, "logico": null}}, {"pk": 33, "model": "desarrollo.campo", "fields": {"hora": null, "atributo": 1, "fecha": null, "precision": null, "tipoItem": 2, "cadena": null, "item": 17, "mail": null, "numerico": null, "longitud": null, "logico": null}}, {"pk": 34, "model": "desarrollo.campo", "fields": {"hora": null, "atributo": 2, "fecha": null, "precision": null, "tipoItem": 2, "cadena": null, "item": 17, "mail": null, "numerico": null, "longitud": null, "logico": null}}, {"pk": 35, "model": "desarrollo.campo", "fields": {"hora": null, "atributo": 3, "fecha": null, "precision": null, "tipoItem": 5, "cadena": null, "item": 18, "mail": null, "numerico": "10.000", "longitud": null, "logico": null}}, {"pk": 36, "model": "desarrollo.campo", "fields": {"hora": null, "atributo": 3, "fecha": null, "precision": null, "tipoItem": 5, "cadena": null, "item": 19, "mail": null, "numerico": "2.000", "longitud": null, "logico": null}}, {"pk": 37, "model": "desarrollo.campo", "fields": {"hora": null, "atributo": 3, "fecha": null, "precision": null, "tipoItem": 5, "cadena": null, "item": 20, "mail": null, "numerico": "6.000", "longitud": null, "logico": null}}, {"pk": 38, "model": "desarrollo.campo", "fields": {"hora": null, "atributo": 3, "fecha": null, "precision": null, "tipoItem": 6, "cadena": null, "item": 21, "mail": null, "numerico": "2.000", "longitud": null, "logico": null}}, {"pk": 39, "model": "desarrollo.campo", "fields": {"hora": null, "atributo": 3, "fecha": null, "precision": null, "tipoItem": 6, "cadena": null, "item": 22, "mail": null, "numerico": "3.000", "longitud": null, "logico": null}}, {"pk": 40, "model": "desarrollo.campo", "fields": {"hora": null, "atributo": 3, "fecha": null, "precision": null, "tipoItem": 6, "cadena": null, "item": 23, "mail": null, "numerico": "7.000", "longitud": null, "logico": null}}, {"pk": 1, "model": "desarrollo.relacion", "fields": {"antecesor": null, "estado": "E", "padre": null, "item": 1}}, {"pk": 2, "model": "desarrollo.relacion", "fields": {"antecesor": null, "estado": "A", "padre": 3, "item": 2}}, {"pk": 3, "model": "desarrollo.relacion", "fields": {"antecesor": null, "estado": "E", "padre": null, "item": 3}}, {"pk": 4, "model": "desarrollo.relacion", "fields": {"antecesor": null, "estado": "E", "padre": null, "item": 4}}, {"pk": 5, "model": "desarrollo.relacion", "fields": {"antecesor": null, "estado": "E", "padre": null, "item": 5}}, {"pk": 6, "model": "desarrollo.relacion", "fields": {"antecesor": null, "estado": "E", "padre": null, "item": 6}}, {"pk": 7, "model": "desarrollo.relacion", "fields": {"antecesor": null, "estado": "E", "padre": null, "item": 7}}, {"pk": 8, "model": "desarrollo.relacion", "fields": {"antecesor": null, "estado": "E", "padre": null, "item": 8}}, {"pk": 9, "model": "desarrollo.relacion", "fields": {"antecesor": null, "estado": "E", "padre": null, "item": 9}}, {"pk": 10, "model": "desarrollo.relacion", "fields": {"antecesor": null, "estado": "E", "padre": null, "item": 10}}, {"pk": 11, "model": "desarrollo.relacion", "fields": {"antecesor": null, "estado": "E", "padre": null, "item": 11}}, {"pk": 12, "model": "desarrollo.relacion", "fields": {"antecesor": null, "estado": "E", "padre": null, "item": 12}}, {"pk": 13, "model": "desarrollo.relacion", "fields": {"antecesor": null, "estado": "E", "padre": null, "item": 13}}, {"pk": 14, "model": "desarrollo.relacion", "fields": {"antecesor": 1, "estado": "A", "padre": null, "item": 14}}, {"pk": 15, "model": "desarrollo.relacion", "fields": {"antecesor": 2, "estado": "A", "padre": null, "item": 15}}, {"pk": 16, "model": "desarrollo.relacion", "fields": {"antecesor": null, "estado": "A", "padre": 15, "item": 16}}, {"pk": 17, "model": "desarrollo.relacion", "fields": {"antecesor": null, "estado": "A", "padre": 14, "item": 17}}, {"pk": 18, "model": "desarrollo.relacion", "fields": {"antecesor": null, "estado": "E", "padre": null, "item": 18}}, {"pk": 19, "model": "desarrollo.relacion", "fields": {"antecesor": null, "estado": "A", "padre": 18, "item": 19}}, {"pk": 20, "model": "desarrollo.relacion", "fields": {"antecesor": null, "estado": "A", "padre": 18, "item": 20}}, {"pk": 21, "model": "desarrollo.relacion", "fields": {"antecesor": 19, "estado": "A", "padre": null, "item": 21}}, {"pk": 22, "model": "desarrollo.relacion", "fields": {"antecesor": null, "estado": "E", "padre": null, "item": 22}}, {"pk": 23, "model": "desarrollo.relacion", "fields": {"antecesor": 18, "estado": "A", "padre": null, "item": 23}},

{"pk": 1, "model": "reversion.revision", "fields": {"comment": "", "date_created": "2014-06-21T05:39:59.298Z", "manager_slug": "default", "user": 4}}, {"pk": 2, "model": "reversion.revision", "fields": {"comment": "", "date_created": "2014-06-21T05:42:46.729Z", "manager_slug": "default", "user": 4}}, {"pk": 3, "model": "reversion.revision", "fields": {"comment": "", "date_created": "2014-06-21T05:49:47.169Z", "manager_slug": "default", "user": 4}}, {"pk": 4, "model": "reversion.revision", "fields": {"comment": "", "date_created": "2014-06-21T05:50:06.487Z", "manager_slug": "default", "user": 4}}, {"pk": 5, "model": "reversion.revision", "fields": {"comment": "", "date_created": "2014-06-21T05:50:27.801Z", "manager_slug": "default", "user": 4}}, {"pk": 6, "model": "reversion.revision", "fields": {"comment": "", "date_created": "2014-06-21T05:50:47.912Z", "manager_slug": "default", "user": null}}, {"pk": 7, "model": "reversion.revision", "fields": {"comment": "", "date_created": "2014-06-21T05:50:56.947Z", "manager_slug": "default", "user": null}}, {"pk": 8, "model": "reversion.revision", "fields": {"comment": "", "date_created": "2014-06-21T05:51:02.768Z", "manager_slug": "default", "user": null}}, {"pk": 9, "model": "reversion.revision", "fields": {"comment": "", "date_created": "2014-06-21T05:51:14.701Z", "manager_slug": "default", "user": 4}}, {"pk": 10, "model": "reversion.revision", "fields": {"comment": "", "date_created": "2014-06-21T05:53:39.149Z", "manager_slug": "default", "user": 4}}, {"pk": 11, "model": "reversion.revision", "fields": {"comment": "", "date_created": "2014-06-21T05:54:51.784Z", "manager_slug": "default", "user": 4}}, {"pk": 12, "model": "reversion.revision", "fields": {"comment": "", "date_created": "2014-06-21T05:55:04.651Z", "manager_slug": "default", "user": 4}}, {"pk": 13, "model": "reversion.revision", "fields": {"comment": "", "date_created": "2014-06-21T05:56:10.086Z", "manager_slug": "default", "user": 4}}, {"pk": 14, "model": "reversion.revision", "fields": {"comment": "", "date_created": "2014-06-21T05:56:16.891Z", "manager_slug": "default", "user": 4}}, {"pk": 15, "model": "reversion.revision", "fields": {"comment": "", "date_created": "2014-06-21T05:57:46.209Z", "manager_slug": "default", "user": 4}}, {"pk": 16, "model": "reversion.revision", "fields": {"comment": "", "date_created": "2014-06-21T05:58:22.953Z", "manager_slug": "default", "user": 4}}, {"pk": 17, "model": "reversion.revision", "fields": {"comment": "", "date_created": "2014-06-21T05:58:34.896Z", "manager_slug": "default", "user": 4}}, {"pk": 18, "model": "reversion.revision", "fields": {"comment": "", "date_created": "2014-06-21T05:58:46.348Z", "manager_slug": "default", "user": 4}}, {"pk": 19, "model": "reversion.revision", "fields": {"comment": "", "date_created": "2014-06-21T06:01:28.725Z", "manager_slug": "default", "user": 4}}, {"pk": 20, "model": "reversion.revision", "fields": {"comment": "", "date_created": "2014-06-21T06:01:36.170Z", "manager_slug": "default", "user": 4}}, {"pk": 21, "model": "reversion.revision", "fields": {"comment": "", "date_created": "2014-06-21T06:02:00.319Z", "manager_slug": "default", "user": 4}}, {"pk": 22, "model": "reversion.revision", "fields": {"comment": "", "date_created": "2014-06-21T06:02:48.801Z", "manager_slug": "default", "user": 4}}, {"pk": 23, "model": "reversion.revision", "fields": {"comment": "", "date_created": "2014-06-21T06:04:24.494Z", "manager_slug": "default", "user": 4}}, {"pk": 24, "model": "reversion.revision", "fields": {"comment": "", "date_created": "2014-06-21T06:04:37.678Z", "manager_slug": "default", "user": 4}}, {"pk": 25, "model": "reversion.revision", "fields": {"comment": "", "date_created": "2014-06-21T06:04:52.962Z", "manager_slug": "default", "user": 4}}, {"pk": 26, "model": "reversion.revision", "fields": {"comment": "", "date_created": "2014-06-21T06:04:56.505Z", "manager_slug": "default", "user": 4}}, {"pk": 27, "model": "reversion.revision", "fields": {"comment": "", "date_created": "2014-06-21T06:05:06.654Z", "manager_slug": "default", "user": 4}}, {"pk": 28, "model": "reversion.revision", "fields": {"comment": "", "date_created": "2014-06-21T06:06:15.384Z", "manager_slug": "default", "user": 4}}, {"pk": 29, "model": "reversion.revision", "fields": {"comment": "", "date_created": "2014-06-21T06:06:18.372Z", "manager_slug": "default", "user": 4}}, {"pk": 30, "model": "reversion.revision", "fields": {"comment": "", "date_created": "2014-06-21T06:06:29.463Z", "manager_slug": "default", "user": 4}}, {"pk": 31, "model": "reversion.revision", "fields": {"comment": "", "date_created": "2014-06-21T06:06:34.228Z", "manager_slug": "default", "user": 4}}, {"pk": 32, "model": "reversion.revision", "fields": {"comment": "", "date_created": "2014-06-21T06:06:39.583Z", "manager_slug": "default", "user": 4}}, {"pk": 33, "model": "reversion.revision", "fields": {"comment": "", "date_created": "2014-06-21T06:08:13.701Z", "manager_slug": "default", "user": 4}}, {"pk": 34, "model": "reversion.revision", "fields": {"comment": "", "date_created": "2014-06-21T06:08:32.601Z", "manager_slug": "default", "user": 4}}, {"pk": 35, "model": "reversion.revision", "fields": {"comment": "", "date_created": "2014-06-21T06:08:41.955Z", "manager_slug": "default", "user": 4}}, {"pk": 36, "model": "reversion.revision", "fields": {"comment": "", "date_created": "2014-06-21T06:08:57.019Z", "manager_slug": "default", "user": 4}}, {"pk": 37, "model": "reversion.revision", "fields": {"comment": "", "date_created": "2014-06-21T06:16:10.599Z", "manager_slug": "default", "user": 4}}, {"pk": 38, "model": "reversion.revision", "fields": {"comment": "", "date_created": "2014-06-21T06:16:50.795Z", "manager_slug": "default", "user": 4}}, {"pk": 39, "model": "reversion.revision", "fields": {"comment": "", "date_created": "2014-06-21T06:17:31.568Z", "manager_slug": "default", "user": 4}}, {"pk": 40, "model": "reversion.revision", "fields": {"comment": "", "date_created": "2014-06-21T06:18:12.257Z", "manager_slug": "default", "user": 4}}, {"pk": 41, "model": "reversion.revision", "fields": {"comment": "", "date_created": "2014-06-21T06:18:16.557Z", "manager_slug": "default", "user": 4}}, {"pk": 42, "model": "reversion.revision", "fields": {"comment": "", "date_created": "2014-06-21T06:18:29.331Z", "manager_slug": "default", "user": 4}}, {"pk": 43, "model": "reversion.revision", "fields": {"comment": "", "date_created": "2014-06-21T06:37:21.180Z", "manager_slug": "default", "user": 4}}, {"pk": 44, "model": "reversion.revision", "fields": {"comment": "", "date_created": "2014-06-21T06:37:27.665Z", "manager_slug": "default", "user": 4}}, {"pk": 45, "model": "reversion.revision", "fields": {"comment": "", "date_created": "2014-06-21T06:37:31.870Z", "manager_slug": "default", "user": 4}}, {"pk": 46, "model": "reversion.revision", "fields": {"comment": "", "date_created": "2014-06-21T06:37:42.526Z", "manager_slug": "default", "user": 4}}, {"pk": 47, "model": "reversion.revision", "fields": {"comment": "", "date_created": "2014-06-21T06:37:50.101Z", "manager_slug": "default", "user": 4}}, {"pk": 48, "model": "reversion.revision", "fields": {"comment": "", "date_created": "2014-06-21T06:38:29.471Z", "manager_slug": "default", "user": 4}}, {"pk": 49, "model": "reversion.revision", "fields": {"comment": "", "date_created": "2014-06-21T06:38:40.309Z", "manager_slug": "default", "user": 4}}, {"pk": 50, "model": "reversion.revision", "fields": {"comment": "", "date_created": "2014-06-21T06:38:44.389Z", "manager_slug": "default", "user": 4}}, {"pk": 51, "model": "reversion.revision", "fields": {"comment": "", "date_created": "2014-06-21T06:40:36.200Z", "manager_slug": "default", "user": 4}}, {"pk": 52, "model": "reversion.revision", "fields": {"comment": "", "date_created": "2014-06-21T06:43:36.627Z", "manager_slug": "default", "user": 4}}, {"pk": 53, "model": "reversion.revision", "fields": {"comment": "", "date_created": "2014-06-21T06:43:39.137Z", "manager_slug": "default", "user": 4}}, {"pk": 54, "model": "reversion.revision", "fields": {"comment": "", "date_created": "2014-06-21T06:43:41.564Z", "manager_slug": "default", "user": 4}}, {"pk": 55, "model": "reversion.revision", "fields": {"comment": "", "date_created": "2014-06-21T06:43:44.295Z", "manager_slug": "default", "user": 4}}, {"pk": 56, "model": "reversion.revision", "fields": {"comment": "", "date_created": "2014-06-21T06:44:52.428Z", "manager_slug": "default", "user": 4}}, {"pk": 57, "model": "reversion.revision", "fields": {"comment": "", "date_created": "2014-06-21T06:44:58.194Z", "manager_slug": "default", "user": 4}}, {"pk": 58, "model": "reversion.revision", "fields": {"comment": "", "date_created": "2014-06-21T06:45:02.468Z", "manager_slug": "default", "user": 4}}, {"pk": 59, "model": "reversion.revision", "fields": {"comment": "", "date_created": "2014-06-21T06:45:27.791Z", "manager_slug": "default", "user": 4}}, {"pk": 60, "model": "reversion.revision", "fields": {"comment": "", "date_created": "2014-06-21T06:46:50.554Z", "manager_slug": "default", "user": 4}}, {"pk": 61, "model": "reversion.revision", "fields": {"comment": "", "date_created": "2014-06-21T06:47:04.415Z", "manager_slug": "default", "user": 4}}, {"pk": 62, "model": "reversion.revision", "fields": {"comment": "", "date_created": "2014-06-21T06:47:13.098Z", "manager_slug": "default", "user": 4}}, {"pk": 63, "model": "reversion.revision", "fields": {"comment": "", "date_created": "2014-06-21T06:47:17.248Z", "manager_slug": "default", "user": 4}}, {"pk": 64, "model": "reversion.revision", "fields": {"comment": "", "date_created": "2014-06-21T06:47:27.812Z", "manager_slug": "default", "user": 4}}, {"pk": 65, "model": "reversion.revision", "fields": {"comment": "", "date_created": "2014-06-21T06:47:32.707Z", "manager_slug": "default", "user": 4}}, {"pk": 66, "model": "reversion.revision", "fields": {"comment": "", "date_created": "2014-06-21T06:48:27.082Z", "manager_slug": "default", "user": 4}}, {"pk": 67, "model": "reversion.revision", "fields": {"comment": "", "date_created": "2014-06-21T06:49:11.434Z", "manager_slug": "default", "user": 4}}, {"pk": 68, "model": "reversion.revision", "fields": {"comment": "", "date_created": "2014-06-21T06:49:16.974Z", "manager_slug": "default", "user": 4}}, {"pk": 69, "model": "reversion.revision", "fields": {"comment": "", "date_created": "2014-06-21T06:49:19.967Z", "manager_slug": "default", "user": 4}}, {"pk": 70, "model": "reversion.revision", "fields": {"comment": "", "date_created": "2014-06-21T06:49:28.113Z", "manager_slug": "default", "user": 4}}, {"pk": 71, "model": "reversion.revision", "fields": {"comment": "", "date_created": "2014-06-21T06:49:34.722Z", "manager_slug": "default", "user": 4}}, {"pk": 72, "model": "reversion.revision", "fields": {"comment": "", "date_created": "2014-06-21T06:49:54.501Z", "manager_slug": "default", "user": 4}}, {"pk": 73, "model": "reversion.revision", "fields": {"comment": "", "date_created": "2014-06-21T06:50:09.564Z", "manager_slug": "default", "user": 4}}, {"pk": 74, "model": "reversion.revision", "fields": {"comment": "", "date_created": "2014-06-21T06:51:56.607Z", "manager_slug": "default", "user": 4}}, {"pk": 75, "model": "reversion.revision", "fields": {"comment": "", "date_created": "2014-06-21T06:52:36.655Z", "manager_slug": "default", "user": 2}}, {"pk": 76, "model": "reversion.revision", "fields": {"comment": "", "date_created": "2014-06-21T06:52:45.771Z", "manager_slug": "default", "user": 2}}, {"pk": 77, "model": "reversion.revision", "fields": {"comment": "", "date_created": "2014-06-21T06:53:37.394Z", "manager_slug": "default", "user": 5}}, {"pk": 78, "model": "reversion.revision", "fields": {"comment": "", "date_created": "2014-06-21T06:53:46.738Z", "manager_slug": "default", "user": 5}}, {"pk": 79, "model": "reversion.revision", "fields": {"comment": "", "date_created": "2014-06-21T06:54:01.292Z", "manager_slug": "default", "user": null}}, {"pk": 80, "model": "reversion.revision", "fields": {"comment": "", "date_created": "2014-06-21T06:55:13.854Z", "manager_slug": "default", "user": 5}}, {"pk": 81, "model": "reversion.revision", "fields": {"comment": "", "date_created": "2014-06-21T06:55:24.241Z", "manager_slug": "default", "user": null}}, {"pk": 82, "model": "reversion.revision", "fields": {"comment": "", "date_created": "2014-06-21T06:55:37.809Z", "manager_slug": "default", "user": 5}}, {"pk": 83, "model": "reversion.revision", "fields": {"comment": "", "date_created": "2014-06-21T06:55:47.687Z", "manager_slug": "default", "user": 5}}, {"pk": 84, "model": "reversion.revision", "fields": {"comment": "", "date_created": "2014-06-21T06:55:55.927Z", "manager_slug": "default", "user": null}}, {"pk": 85, "model": "reversion.revision", "fields": {"comment": "", "date_created": "2014-06-21T06:57:54.847Z", "manager_slug": "default", "user": 5}}, {"pk": 86, "model": "reversion.revision", "fields": {"comment": "", "date_created": "2014-06-21T06:58:05.397Z", "manager_slug": "default", "user": null}}, {"pk": 87, "model": "reversion.revision", "fields": {"comment": "", "date_created": "2014-06-21T07:07:31.845Z", "manager_slug": "default", "user": 4}}, {"pk": 88, "model": "reversion.revision", "fields": {"comment": "", "date_created": "2014-06-21T07:07:39.283Z", "manager_slug": "default", "user": 4}}, {"pk": 89, "model": "reversion.revision", "fields": {"comment": "", "date_created": "2014-06-21T07:10:37.267Z", "manager_slug": "default", "user": 4}}, {"pk": 90, "model": "reversion.revision", "fields": {"comment": "", "date_created": "2014-06-21T07:10:57.036Z", "manager_slug": "default", "user": 4}}, {"pk": 91, "model": "reversion.revision", "fields": {"comment": "", "date_created": "2014-06-21T07:11:02.166Z", "manager_slug": "default", "user": 4}}, {"pk": 92, "model": "reversion.revision", "fields": {"comment": "", "date_created": "2014-06-21T07:11:08.866Z", "manager_slug": "default", "user": 4}}, {"pk": 93, "model": "reversion.revision", "fields": {"comment": "", "date_created": "2014-06-21T07:11:33.933Z", "manager_slug": "default", "user": null}}, {"pk": 94, "model": "reversion.revision", "fields": {"comment": "", "date_created": "2014-06-21T07:11:46.795Z", "manager_slug": "default", "user": null}}, {"pk": 95, "model": "reversion.revision", "fields": {"comment": "", "date_created": "2014-06-21T07:12:00.092Z", "manager_slug": "default", "user": 4}}, {"pk": 96, "model": "reversion.revision", "fields": {"comment": "", "date_created": "2014-06-21T07:12:17.909Z", "manager_slug": "default", "user": 3}}, {"pk": 97, "model": "reversion.revision", "fields": {"comment": "", "date_created": "2014-06-21T07:13:05.682Z", "manager_slug": "default", "user": 5}}, {"pk": 98, "model": "reversion.revision", "fields": {"comment": "", "date_created": "2014-06-21T07:13:09.680Z", "manager_slug": "default", "user": 5}}, {"pk": 99, "model": "reversion.revision", "fields": {"comment": "", "date_created": "2014-06-21T07:13:31.685Z", "manager_slug": "default", "user": 5}}, {"pk": 100, "model": "reversion.revision", "fields": {"comment": "", "date_created": "2014-06-21T07:13:39.945Z", "manager_slug": "default", "user": 5}}, {"pk": 101, "model": "reversion.revision", "fields": {"comment": "", "date_created": "2014-06-21T07:13:56.946Z", "manager_slug": "default", "user": 5}}, {"pk": 102, "model": "reversion.revision", "fields": {"comment": "", "date_created": "2014-06-21T07:14:01.729Z", "manager_slug": "default", "user": 5}}, {"pk": 103, "model": "reversion.revision", "fields": {"comment": "", "date_created": "2014-06-21T07:19:36.852Z", "manager_slug": "default", "user": null}}, {"pk": 104, "model": "reversion.revision", "fields": {"comment": "", "date_created": "2014-06-21T07:19:49.278Z", "manager_slug": "default", "user": null}}, {"pk": 105, "model": "reversion.revision", "fields": {"comment": "", "date_created": "2014-06-21T07:19:53.614Z", "manager_slug": "default", "user": null}}, {"pk": 106, "model": "reversion.revision", "fields": {"comment": "", "date_created": "2014-06-21T07:22:06.495Z", "manager_slug": "default", "user": null}}, {"pk": 107, "model": "reversion.revision", "fields": {"comment": "", "date_created": "2014-06-21T07:22:54.165Z", "manager_slug": "default", "user": null}}, {"pk": 108, "model": "reversion.revision", "fields": {"comment": "", "date_created": "2014-06-21T07:23:07.929Z", "manager_slug": "default", "user": null}}, {"pk": 109, "model": "reversion.revision", "fields": {"comment": "", "date_created": "2014-06-21T07:23:31.933Z", "manager_slug": "default", "user": 5}}, {"pk": 110, "model": "reversion.revision", "fields": {"comment": "", "date_created": "2014-06-21T07:23:38.396Z", "manager_slug": "default", "user": 5}}, {"pk": 111, "model": "reversion.revision", "fields": {"comment": "", "date_created": "2014-06-21T07:23:48.151Z", "manager_slug": "default", "user": 5}}, {"pk": 112, "model": "reversion.revision", "fields": {"comment": "", "date_created": "2014-06-21T07:23:51.321Z", "manager_slug": "default", "user": 5}}, {"pk": 113, "model": "reversion.revision", "fields": {"comment": "", "date_created": "2014-06-21T07:24:41.792Z", "manager_slug": "default", "user": 2}}, {"pk": 114, "model": "reversion.revision", "fields": {"comment": "", "date_created": "2014-06-21T07:26:32.097Z", "manager_slug": "default", "user": 4}}, {"pk": 115, "model": "reversion.revision", "fields": {"comment": "", "date_created": "2014-06-21T07:26:36.043Z", "manager_slug": "default", "user": 4}}, {"pk": 116, "model": "reversion.revision", "fields": {"comment": "", "date_created": "2014-06-21T07:27:12.583Z", "manager_slug": "default", "user": 3}}, {"pk": 117, "model": "reversion.revision", "fields": {"comment": "", "date_created": "2014-06-21T07:27:30.529Z", "manager_slug": "default", "user": null}}, {"pk": 118, "model": "reversion.revision", "fields": {"comment": "", "date_created": "2014-06-21T07:27:42.776Z", "manager_slug": "default", "user": null}}, {"pk": 1, "model": "reversion.version", "fields": {"format": "json", "object_repr": "remera", "object_id": "1", "content_type": 16, "object_id_int": 1, "serialized_data": "[{\"pk\": 1, \"model\": \"desarrollo.item\", \"fields\": {\"Tipo\": 1, \"Usuario\": 4, \"Fecha\": \"2014-06-21T05:39:59.097Z\", \"CostoTemporal\": 2, \"Version\": 1, \"CostoUnitario\": 3, \"condicion\": \"A\", \"Descripcion\": \"remera\", \"Nombre\": \"remera\", \"Estado\": \"CON\", \"Prioridad\": 1, \"Fase\": 1}}]", "revision": 1}}, {"pk": 2, "model": "reversion.version", "fields": {"format": "json", "object_repr": "Campo object", "object_id": "2", "content_type": 17, "object_id_int": 2, "serialized_data": "[{\"pk\": 2, \"model\": \"desarrollo.campo\", \"fields\": {\"hora\": null, \"atributo\": 2, \"fecha\": null, \"precision\": null, \"tipoItem\": 1, \"cadena\": null, \"item\": 1, \"mail\": null, \"numerico\": null, \"longitud\": null, \"logico\": null}}]", "revision": 1}}, {"pk": 3, "model": "reversion.version", "fields": {"format": "json", "object_repr": "Campo object", "object_id": "1", "content_type": 17, "object_id_int": 1, "serialized_data": "[{\"pk\": 1, \"model\": \"desarrollo.campo\", \"fields\": {\"hora\": null, \"atributo\": 1, \"fecha\": null, \"precision\": null, \"tipoItem\": 1, \"cadena\": null, \"item\": 1, \"mail\": null, \"numerico\": null, \"longitud\": null, \"logico\": null}}]", "revision": 1}}, {"pk": 4, "model": "reversion.version", "fields": {"format": "json", "object_repr": "Relacion object", "object_id": "1", "content_type": 18, "object_id_int": 1, "serialized_data": "[{\"pk\": 1, \"model\": \"desarrollo.relacion\", \"fields\": {\"antecesor\": null, \"estado\": \"E\", \"padre\": null, \"item\": 1}}]", "revision": 1}}, {"pk": 5, "model": "reversion.version", "fields": {"format": "json", "object_repr": "Campo object", "object_id": "1", "content_type": 17, "object_id_int": 1, "serialized_data": "[{\"pk\": 1, \"model\": \"desarrollo.campo\", \"fields\": {\"hora\": null, \"atributo\": 1, \"fecha\": null, \"precision\": null, \"tipoItem\": 1, \"cadena\": null, \"item\": 1, \"mail\": null, \"numerico\": \"1200\", \"longitud\": null, \"logico\": null}}]", "revision": 2}}, {"pk": 6, "model": "reversion.version", "fields": {"format": "json", "object_repr": "Campo object", "object_id": "2", "content_type": 17, "object_id_int": 2, "serialized_data": "[{\"pk\": 2, \"model\": \"desarrollo.campo\", \"fields\": {\"hora\": null, \"atributo\": 2, \"fecha\": null, \"precision\": null, \"tipoItem\": 1, \"cadena\": null, \"item\": 1, \"mail\": null, \"numerico\": \"12\", \"longitud\": null, \"logico\": null}}]", "revision": 2}}, {"pk": 7, "model": "reversion.version", "fields": {"format": "json", "object_repr": "remera", "object_id": "1", "content_type": 16, "object_id_int": 1, "serialized_data": "[{\"pk\": 1, \"model\": \"desarrollo.item\", \"fields\": {\"Tipo\": 1, \"Usuario\": 4, \"Fecha\": \"2014-06-21T05:42:46.568Z\", \"CostoTemporal\": 2, \"Version\": 2, \"CostoUnitario\": 3, \"condicion\": \"A\", \"Descripcion\": \"remera\", \"Nombre\": \"remera\", \"Estado\": \"CON\", \"Prioridad\": 1, \"Fase\": 1}}]", "revision": 2}}, {"pk": 8, "model": "reversion.version", "fields": {"format": "json", "object_repr": "Relacion object", "object_id": "1", "content_type": 18, "object_id_int": 1, "serialized_data": "[{\"pk\": 1, \"model\": \"desarrollo.relacion\", \"fields\": {\"antecesor\": null, \"estado\": \"E\", \"padre\": null, \"item\": 1}}]", "revision": 2}}, {"pk": 9, "model": "reversion.version", "fields": {"format": "json", "object_repr": "remera", "object_id": "1", "content_type": 16, "object_id_int": 1, "serialized_data": "[{\"pk\": 1, \"model\": \"desarrollo.item\", \"fields\": {\"Tipo\": 1, \"Usuario\": 4, \"Fecha\": \"2014-06-21T05:49:47.023Z\", \"CostoTemporal\": 2, \"Version\": 2, \"CostoUnitario\": 3, \"condicion\": \"A\", \"Descripcion\": \"remera\", \"Nombre\": \"remera\", \"Estado\": \"FIN\", \"Prioridad\": 1, \"Fase\": 1}}]", "revision": 3}}, {"pk": 10, "model": "reversion.version", "fields": {"format": "json", "object_repr": "pantalon", "object_id": "2", "content_type": 16, "object_id_int": 2, "serialized_data": "[{\"pk\": 2, \"model\": \"desarrollo.item\", \"fields\": {\"Tipo\": 1, \"Usuario\": 4, \"Fecha\": \"2014-06-21T05:50:06.268Z\", \"CostoTemporal\": 2, \"Version\": 1, \"CostoUnitario\": 2, \"condicion\": \"A\", \"Descripcion\": \"pantalon\", \"Nombre\": \"pantalon\", \"Estado\": \"CON\", \"Prioridad\": 3, \"Fase\": 1}}]", "revision": 4}}, {"pk": 11, "model": "reversion.version", "fields": {"format": "json", "object_repr": "Campo object", "object_id": "3", "content_type": 17, "object_id_int": 3, "serialized_data": "[{\"pk\": 3, \"model\": \"desarrollo.campo\", \"fields\": {\"hora\": null, \"atributo\": 1, \"fecha\": null, \"precision\": null, \"tipoItem\": 1, \"cadena\": null, \"item\": 2, \"mail\": null, \"numerico\": null, \"longitud\": null, \"logico\": null}}]", "revision": 4}}, {"pk": 12, "model": "reversion.version", "fields": {"format": "json", "object_repr": "Campo object", "object_id": "4", "content_type": 17, "object_id_int": 4, "serialized_data": "[{\"pk\": 4, \"model\": \"desarrollo.campo\", \"fields\": {\"hora\": null, \"atributo\": 2, \"fecha\": null, \"precision\": null, \"tipoItem\": 1, \"cadena\": null, \"item\": 2, \"mail\": null, \"numerico\": null, \"longitud\": null, \"logico\": null}}]", "revision": 4}}, {"pk": 13, "model": "reversion.version", "fields": {"format": "json", "object_repr": "Relacion object", "object_id": "2", "content_type": 18, "object_id_int": 2, "serialized_data": "[{\"pk\": 2, \"model\": \"desarrollo.relacion\", \"fields\": {\"antecesor\": null, \"estado\": \"E\", \"padre\": null, \"item\": 2}}]", "revision": 4}}, {"pk": 14, "model": "reversion.version", "fields": {"format": "json", "object_repr": "medias", "object_id": "3", "content_type": 16, "object_id_int": 3, "serialized_data": "[{\"pk\": 3, \"model\": \"desarrollo.item\", \"fields\": {\"Tipo\": 1, \"Usuario\": 4, \"Fecha\": \"2014-06-21T05:50:27.593Z\", \"CostoTemporal\": 2, \"Version\": 1, \"CostoUnitario\": 2, \"condicion\": \"A\", \"Descripcion\": \"medias\", \"Nombre\": \"medias\", \"Estado\": \"CON\", \"Prioridad\": 2, \"Fase\": 1}}]", "revision": 5}}, {"pk": 15, "model": "reversion.version", "fields": {"format": "json", "object_repr": "Relacion object", "object_id": "3", "content_type": 18, "object_id_int": 3, "serialized_data": "[{\"pk\": 3, \"model\": \"desarrollo.relacion\", \"fields\": {\"antecesor\": null, \"estado\": \"E\", \"padre\": null, \"item\": 3}}]", "revision": 5}}, {"pk": 16, "model": "reversion.version", "fields": {"format": "json", "object_repr": "Campo object", "object_id": "5", "content_type": 17, "object_id_int": 5, "serialized_data": "[{\"pk\": 5, \"model\": \"desarrollo.campo\", \"fields\": {\"hora\": null, \"atributo\": 1, \"fecha\": null, \"precision\": null, \"tipoItem\": 1, \"cadena\": null, \"item\": 3, \"mail\": null, \"numerico\": null, \"longitud\": null, \"logico\": null}}]", "revision": 5}}, {"pk": 17, "model": "reversion.version", "fields": {"format": "json", "object_repr": "Campo object", "object_id": "6", "content_type": 17, "object_id_int": 6, "serialized_data": "[{\"pk\": 6, \"model\": \"desarrollo.campo\", \"fields\": {\"hora\": null, \"atributo\": 2, \"fecha\": null, \"precision\": null, \"tipoItem\": 1, \"cadena\": null, \"item\": 3, \"mail\": null, \"numerico\": null, \"longitud\": null, \"logico\": null}}]", "revision": 5}}, {"pk": 18, "model": "reversion.version", "fields": {"format": "json", "object_repr": "Relacion object", "object_id": "2", "content_type": 18, "object_id_int": 2, "serialized_data": "[{\"pk\": 2, \"model\": \"desarrollo.relacion\", \"fields\": {\"antecesor\": null, \"estado\": \"A\", \"padre\": 3, \"item\": 2}}]", "revision": 6}}, {"pk": 19, "model": "reversion.version", "fields": {"format": "json", "object_repr": "Campo object", "object_id": "3", "content_type": 17, "object_id_int": 3, "serialized_data": "[{\"pk\": 3, \"model\": \"desarrollo.campo\", \"fields\": {\"hora\": null, \"atributo\": 1, \"fecha\": null, \"precision\": null, \"tipoItem\": 1, \"cadena\": null, \"item\": 2, \"mail\": null, \"numerico\": null, \"longitud\": null, \"logico\": null}}]", "revision": 6}}, {"pk": 20, "model": "reversion.version", "fields": {"format": "json", "object_repr": "Campo object", "object_id": "4", "content_type": 17, "object_id_int": 4, "serialized_data": "[{\"pk\": 4, \"model\": \"desarrollo.campo\", \"fields\": {\"hora\": null, \"atributo\": 2, \"fecha\": null, \"precision\": null, \"tipoItem\": 1, \"cadena\": null, \"item\": 2, \"mail\": null, \"numerico\": null, \"longitud\": null, \"logico\": null}}]", "revision": 6}}, {"pk": 21, "model": "reversion.version", "fields": {"format": "json", "object_repr": "pantalon", "object_id": "2", "content_type": 16, "object_id_int": 2, "serialized_data": "[{\"pk\": 2, \"model\": \"desarrollo.item\", \"fields\": {\"Tipo\": 1, \"Usuario\": 4, \"Fecha\": \"2014-06-21T05:50:47.809Z\", \"CostoTemporal\": 2, \"Version\": 2, \"CostoUnitario\": 2, \"condicion\": \"A\", \"Descripcion\": \"pantalon\", \"Nombre\": \"pantalon\", \"Estado\": \"CON\", \"Prioridad\": 3, \"Fase\": 1}}]", "revision": 6}}, {"pk": 22, "model": "reversion.version", "fields": {"format": "json", "object_repr": "Relacion object", "object_id": "2", "content_type": 18, "object_id_int": 2, "serialized_data": "[{\"pk\": 2, \"model\": \"desarrollo.relacion\", \"fields\": {\"antecesor\": null, \"estado\": \"E\", \"padre\": null, \"item\": 2}}]", "revision": 7}}, {"pk": 23, "model": "reversion.version", "fields": {"format": "json", "object_repr": "Relacion object", "object_id": "2", "content_type": 18, "object_id_int": 2, "serialized_data": "[{\"pk\": 2, \"model\": \"desarrollo.relacion\", \"fields\": {\"antecesor\": null, \"estado\": \"A\", \"padre\": 3, \"item\": 2}}]", "revision": 8}}, {"pk": 24, "model": "reversion.version", "fields": {"format": "json", "object_repr": "Campo object", "object_id": "3", "content_type": 17, "object_id_int": 3, "serialized_data": "[{\"pk\": 3, \"model\": \"desarrollo.campo\", \"fields\": {\"hora\": null, \"atributo\": 1, \"fecha\": null, \"precision\": null, \"tipoItem\": 1, \"cadena\": null, \"item\": 2, \"mail\": null, \"numerico\": null, \"longitud\": null, \"logico\": null}}]", "revision": 8}}, {"pk": 25, "model": "reversion.version", "fields": {"format": "json", "object_repr": "Campo object", "object_id": "4", "content_type": 17, "object_id_int": 4, "serialized_data": "[{\"pk\": 4, \"model\": \"desarrollo.campo\", \"fields\": {\"hora\": null, \"atributo\": 2, \"fecha\": null, \"precision\": null, \"tipoItem\": 1, \"cadena\": null, \"item\": 2, \"mail\": null, \"numerico\": null, \"longitud\": null, \"logico\": null}}]", "revision": 8}}, {"pk": 26, "model": "reversion.version", "fields": {"format": "json", "object_repr": "pantalon", "object_id": "2", "content_type": 16, "object_id_int": 2, "serialized_data": "[{\"pk\": 2, \"model\": \"desarrollo.item\", \"fields\": {\"Tipo\": 1, \"Usuario\": 4, \"Fecha\": \"2014-06-21T05:51:02.683Z\", \"CostoTemporal\": 2, \"Version\": 3, \"CostoUnitario\": 2, \"condicion\": \"A\", \"Descripcion\": \"pantalon\", \"Nombre\": \"pantalon\", \"Estado\": \"CON\", \"Prioridad\": 3, \"Fase\": 1}}]", "revision": 8}}, {"pk": 27, "model": "reversion.version", "fields": {"format": "json", "object_repr": "Relacion object", "object_id": "3", "content_type": 18, "object_id_int": 3, "serialized_data": "[{\"pk\": 3, \"model\": \"desarrollo.relacion\", \"fields\": {\"antecesor\": null, \"estado\": \"E\", \"padre\": null, \"item\": 3}}]", "revision": 9}}, {"pk": 28, "model": "reversion.version", "fields": {"format": "json", "object_repr": "Relacion object", "object_id": "2", "content_type": 18, "object_id_int": 2, "serialized_data": "[{\"pk\": 2, \"model\": \"desarrollo.relacion\", \"fields\": {\"antecesor\": null, \"estado\": \"E\", \"padre\": 3, \"item\": 2}}]", "revision": 9}}, {"pk": 29, "model": "reversion.version", "fields": {"format": "json", "object_repr": "medias", "object_id": "3", "content_type": 16, "object_id_int": 3, "serialized_data": "[{\"pk\": 3, \"model\": \"desarrollo.item\", \"fields\": {\"Tipo\": 1, \"Usuario\": 4, \"Fecha\": \"2014-06-21T05:51:14.589Z\", \"CostoTemporal\": 2, \"Version\": 1, \"CostoUnitario\": 2, \"condicion\": \"E\", \"Descripcion\": \"medias\", \"Nombre\": \"medias\", \"Estado\": \"CON\", \"Prioridad\": 2, \"Fase\": 1}}]", "revision": 9}}, {"pk": 30, "model": "reversion.version", "fields": {"format": "json", "object_repr": "medias", "object_id": "3", "content_type": 16, "object_id_int": 3, "serialized_data": "[{\"pk\": 3, \"model\": \"desarrollo.item\", \"fields\": {\"Tipo\": 1, \"Usuario\": 4, \"Fecha\": \"2014-06-21T05:53:39.037Z\", \"CostoTemporal\": 2, \"Version\": 1, \"CostoUnitario\": 2, \"condicion\": \"A\", \"Descripcion\": \"medias\", \"Nombre\": \"medias\", \"Estado\": \"CON\", \"Prioridad\": 2, \"Fase\": 1}}]", "revision": 10}}, {"pk": 31, "model": "reversion.version", "fields": {"format": "json", "object_repr": "Relacion object", "object_id": "2", "content_type": 18, "object_id_int": 2, "serialized_data": "[{\"pk\": 2, \"model\": \"desarrollo.relacion\", \"fields\": {\"antecesor\": null, \"estado\": \"A\", \"padre\": 3, \"item\": 2}}]", "revision": 10}}, {"pk": 32, "model": "reversion.version", "fields": {"format": "json", "object_repr": "Relacion object", "object_id": "3", "content_type": 18, "object_id_int": 3, "serialized_data": "[{\"pk\": 3, \"model\": \"desarrollo.relacion\", \"fields\": {\"antecesor\": null, \"estado\": \"E\", \"padre\": null, \"item\": 3}}]", "revision": 10}}, {"pk": 33, "model": "reversion.version", "fields": {"format": "json", "object_repr": "pantalon", "object_id": "2", "content_type": 16, "object_id_int": 2, "serialized_data": "[{\"pk\": 2, \"model\": \"desarrollo.item\", \"fields\": {\"Tipo\": 1, \"Usuario\": 4, \"Fecha\": \"2014-06-21T05:54:51.588Z\", \"CostoTemporal\": 2, \"Version\": 4, \"CostoUnitario\": 2, \"condicion\": \"A\", \"Descripcion\": \"pantalon\", \"Nombre\": \"pantalon\", \"Estado\": \"CON\", \"Prioridad\": 3, \"Fase\": 1}}]", "revision": 11}}, {"pk": 34, "model": "reversion.version", "fields": {"format": "json", "object_repr": "Campo object", "object_id": "3", "content_type": 17, "object_id_int": 3, "serialized_data": "[{\"pk\": 3, \"model\": \"desarrollo.campo\", \"fields\": {\"hora\": null, \"atributo\": 1, \"fecha\": null, \"precision\": null, \"tipoItem\": 1, \"cadena\": null, \"item\": 2, \"mail\": null, \"numerico\": \"1234\", \"longitud\": null, \"logico\": null}}]", "revision": 11}}, {"pk": 35, "model": "reversion.version", "fields": {"format": "json", "object_repr": "Campo object", "object_id": "4", "content_type": 17, "object_id_int": 4, "serialized_data": "[{\"pk\": 4, \"model\": \"desarrollo.campo\", \"fields\": {\"hora\": null, \"atributo\": 2, \"fecha\": null, \"precision\": null, \"tipoItem\": 1, \"cadena\": null, \"item\": 2, \"mail\": null, \"numerico\": \"12\", \"longitud\": null, \"logico\": null}}]", "revision": 11}}, {"pk": 36, "model": "reversion.version", "fields": {"format": "json", "object_repr": "Relacion object", "object_id": "2", "content_type": 18, "object_id_int": 2, "serialized_data": "[{\"pk\": 2, \"model\": \"desarrollo.relacion\", \"fields\": {\"antecesor\": null, \"estado\": \"A\", \"padre\": 3, \"item\": 2}}]", "revision": 11}}, {"pk": 37, "model": "reversion.version", "fields": {"format": "json", "object_repr": "medias", "object_id": "3", "content_type": 16, "object_id_int": 3, "serialized_data": "[{\"pk\": 3, \"model\": \"desarrollo.item\", \"fields\": {\"Tipo\": 1, \"Usuario\": 4, \"Fecha\": \"2014-06-21T05:55:04.480Z\", \"CostoTemporal\": 2, \"Version\": 2, \"CostoUnitario\": 2, \"condicion\": \"A\", \"Descripcion\": \"medias\", \"Nombre\": \"medias\", \"Estado\": \"CON\", \"Prioridad\": 2, \"Fase\": 1}}]", "revision": 12}}, {"pk": 38, "model": "reversion.version", "fields": {"format": "json", "object_repr": "Relacion object", "object_id": "3", "content_type": 18, "object_id_int": 3, "serialized_data": "[{\"pk\": 3, \"model\": \"desarrollo.relacion\", \"fields\": {\"antecesor\": null, \"estado\": \"E\", \"padre\": null, \"item\": 3}}]", "revision": 12}}, {"pk": 39, "model": "reversion.version", "fields": {"format": "json", "object_repr": "Campo object", "object_id": "5", "content_type": 17, "object_id_int": 5, "serialized_data": "[{\"pk\": 5, \"model\": \"desarrollo.campo\", \"fields\": {\"hora\": null, \"atributo\": 1, \"fecha\": null, \"precision\": null, \"tipoItem\": 1, \"cadena\": null, \"item\": 3, \"mail\": null, \"numerico\": \"4321\", \"longitud\": null, \"logico\": null}}]", "revision": 12}}, {"pk": 40, "model": "reversion.version", "fields": {"format": "json", "object_repr": "Campo object", "object_id": "6", "content_type": 17, "object_id_int": 6, "serialized_data": "[{\"pk\": 6, \"model\": \"desarrollo.campo\", \"fields\": {\"hora\": null, \"atributo\": 2, \"fecha\": null, \"precision\": null, \"tipoItem\": 1, \"cadena\": null, \"item\": 3, \"mail\": null, \"numerico\": \"32\", \"longitud\": null, \"logico\": null}}]", "revision": 12}}, {"pk": 41, "model": "reversion.version", "fields": {"format": "json", "object_repr": "medias", "object_id": "3", "content_type": 16, "object_id_int": 3, "serialized_data": "[{\"pk\": 3, \"model\": \"desarrollo.item\", \"fields\": {\"Tipo\": 1, \"Usuario\": 4, \"Fecha\": \"2014-06-21T05:56:09.923Z\", \"CostoTemporal\": 2, \"Version\": 2, \"CostoUnitario\": 2, \"condicion\": \"A\", \"Descripcion\": \"medias\", \"Nombre\": \"medias\", \"Estado\": \"FIN\", \"Prioridad\": 2, \"Fase\": 1}}]", "revision": 13}}, {"pk": 42, "model": "reversion.version", "fields": {"format": "json", "object_repr": "pantalon", "object_id": "2", "content_type": 16, "object_id_int": 2, "serialized_data": "[{\"pk\": 2, \"model\": \"desarrollo.item\", \"fields\": {\"Tipo\": 1, \"Usuario\": 4, \"Fecha\": \"2014-06-21T05:56:16.743Z\", \"CostoTemporal\": 2, \"Version\": 4, \"CostoUnitario\": 2, \"condicion\": \"A\", \"Descripcion\": \"pantalon\", \"Nombre\": \"pantalon\", \"Estado\": \"FIN\", \"Prioridad\": 3, \"Fase\": 1}}]", "revision": 14}}, {"pk": 43, "model": "reversion.version", "fields": {"format": "json", "object_repr": "medias", "object_id": "3", "content_type": 16, "object_id_int": 3, "serialized_data": "[{\"pk\": 3, \"model\": \"desarrollo.item\", \"fields\": {\"Tipo\": 1, \"Usuario\": 4, \"Fecha\": \"2014-06-21T05:57:46.057Z\", \"CostoTemporal\": 2, \"Version\": 2, \"CostoUnitario\": 2, \"condicion\": \"A\", \"Descripcion\": \"medias\", \"Nombre\": \"medias\", \"Estado\": \"CON\", \"Prioridad\": 2, \"Fase\": 1}}]", "revision": 15}}, {"pk": 44, "model": "reversion.version", "fields": {"format": "json", "object_repr": "medias", "object_id": "3", "content_type": 16, "object_id_int": 3, "serialized_data": "[{\"pk\": 3, \"model\": \"desarrollo.item\", \"fields\": {\"Tipo\": 1, \"Usuario\": 4, \"Fecha\": \"2014-06-21T05:58:22.793Z\", \"CostoTemporal\": 2, \"Version\": 2, \"CostoUnitario\": 2, \"condicion\": \"A\", \"Descripcion\": \"medias\", \"Nombre\": \"medias\", \"Estado\": \"FIN\", \"Prioridad\": 2, \"Fase\": 1}}]", "revision": 16}}, {"pk": 45, "model": "reversion.version", "fields": {"format": "json", "object_repr": "remera", "object_id": "1", "content_type": 16, "object_id_int": 1, "serialized_data": "[{\"pk\": 1, \"model\": \"desarrollo.item\", \"fields\": {\"Tipo\": 1, \"Usuario\": 4, \"Fecha\": \"2014-06-21T05:58:34.771Z\", \"CostoTemporal\": 2, \"Version\": 2, \"CostoUnitario\": 3, \"condicion\": \"A\", \"Descripcion\": \"remera\", \"Nombre\": \"remera\", \"Estado\": \"CON\", \"Prioridad\": 1, \"Fase\": 1}}]", "revision": 17}}, {"pk": 46, "model": "reversion.version", "fields": {"format": "json", "object_repr": "remera", "object_id": "1", "content_type": 16, "object_id_int": 1, "serialized_data": "[{\"pk\": 1, \"model\": \"desarrollo.item\", \"fields\": {\"Tipo\": 1, \"Usuario\": 4, \"Fecha\": \"2014-06-21T05:58:46.170Z\", \"CostoTemporal\": 2, \"Version\": 2, \"CostoUnitario\": 3, \"condicion\": \"A\", \"Descripcion\": \"remera\", \"Nombre\": \"remera\", \"Estado\": \"FIN\", \"Prioridad\": 1, \"Fase\": 1}}]", "revision": 18}}, {"pk": 47, "model": "reversion.version", "fields": {"format": "json", "object_repr": "Campo object", "object_id": "8", "content_type": 17, "object_id_int": 8, "serialized_data": "[{\"pk\": 8, \"model\": \"desarrollo.campo\", \"fields\": {\"hora\": null, \"atributo\": 2, \"fecha\": null, \"precision\": null, \"tipoItem\": 1, \"cadena\": null, \"item\": 4, \"mail\": null, \"numerico\": null, \"longitud\": null, \"logico\": null}}]", "revision": 19}}, {"pk": 48, "model": "reversion.version", "fields": {"format": "json", "object_repr": "item", "object_id": "4", "content_type": 16, "object_id_int": 4, "serialized_data": "[{\"pk\": 4, \"model\": \"desarrollo.item\", \"fields\": {\"Tipo\": 1, \"Usuario\": 4, \"Fecha\": \"2014-06-21T06:01:28.505Z\", \"CostoTemporal\": 12, \"Version\": 1, \"CostoUnitario\": 12, \"condicion\": \"A\", \"Descripcion\": \"qwe\", \"Nombre\": \"item\", \"Estado\": \"CON\", \"Prioridad\": 12, \"Fase\": 1}}]", "revision": 19}}, {"pk": 49, "model": "reversion.version", "fields": {"format": "json", "object_repr": "Relacion object", "object_id": "4", "content_type": 18, "object_id_int": 4, "serialized_data": "[{\"pk\": 4, \"model\": \"desarrollo.relacion\", \"fields\": {\"antecesor\": null, \"estado\": \"E\", \"padre\": null, \"item\": 4}}]", "revision": 19}}, {"pk": 50, "model": "reversion.version", "fields": {"format": "json", "object_repr": "Campo object", "object_id": "7", "content_type": 17, "object_id_int": 7, "serialized_data": "[{\"pk\": 7, \"model\": \"desarrollo.campo\", \"fields\": {\"hora\": null, \"atributo\": 1, \"fecha\": null, \"precision\": null, \"tipoItem\": 1, \"cadena\": null, \"item\": 4, \"mail\": null, \"numerico\": null, \"longitud\": null, \"logico\": null}}]", "revision": 19}}, {"pk": 51, "model": "reversion.version", "fields": {"format": "json", "object_repr": "Relacion object", "object_id": "4", "content_type": 18, "object_id_int": 4, "serialized_data": "[{\"pk\": 4, \"model\": \"desarrollo.relacion\", \"fields\": {\"antecesor\": null, \"estado\": \"E\", \"padre\": null, \"item\": 4}}]", "revision": 20}}, {"pk": 52, "model": "reversion.version", "fields": {"format": "json", "object_repr": "item", "object_id": "4", "content_type": 16, "object_id_int": 4, "serialized_data": "[{\"pk\": 4, \"model\": \"desarrollo.item\", \"fields\": {\"Tipo\": 1, \"Usuario\": 4, \"Fecha\": \"2014-06-21T06:01:35.988Z\", \"CostoTemporal\": 12, \"Version\": 1, \"CostoUnitario\": 12, \"condicion\": \"E\", \"Descripcion\": \"qwe\", \"Nombre\": \"item\", \"Estado\": \"CON\", \"Prioridad\": 12, \"Fase\": 1}}]", "revision": 20}}, {"pk": 53, "model": "reversion.version", "fields": {"format": "json", "object_repr": "item", "object_id": "4", "content_type": 16, "object_id_int": 4, "serialized_data": "[{\"pk\": 4, \"model\": \"desarrollo.item\", \"fields\": {\"Tipo\": 1, \"Usuario\": 4, \"Fecha\": \"2014-06-21T06:02:00.145Z\", \"CostoTemporal\": 12, \"Version\": 1, \"CostoUnitario\": 12, \"condicion\": \"A\", \"Descripcion\": \"qwe\", \"Nombre\": \"item\", \"Estado\": \"CON\", \"Prioridad\": 12, \"Fase\": 1}}]", "revision": 21}}, {"pk": 54, "model": "reversion.version", "fields": {"format": "json", "object_repr": "Relacion object", "object_id": "4", "content_type": 18, "object_id_int": 4, "serialized_data": "[{\"pk\": 4, \"model\": \"desarrollo.relacion\", \"fields\": {\"antecesor\": null, \"estado\": \"E\", \"padre\": null, \"item\": 4}}]", "revision": 21}}, {"pk": 55, "model": "reversion.version", "fields": {"format": "json", "object_repr": "Campo object", "object_id": "8", "content_type": 17, "object_id_int": 8, "serialized_data": "[{\"pk\": 8, \"model\": \"desarrollo.campo\", \"fields\": {\"hora\": null, \"atributo\": 2, \"fecha\": null, \"precision\": null, \"tipoItem\": 1, \"cadena\": null, \"item\": 4, \"mail\": null, \"numerico\": \"1222\", \"longitud\": null, \"logico\": null}}]", "revision": 22}}, {"pk": 56, "model": "reversion.version", "fields": {"format": "json", "object_repr": "item", "object_id": "4", "content_type": 16, "object_id_int": 4, "serialized_data": "[{\"pk\": 4, \"model\": \"desarrollo.item\", \"fields\": {\"Tipo\": 1, \"Usuario\": 4, \"Fecha\": \"2014-06-21T06:02:48.661Z\", \"CostoTemporal\": 12, \"Version\": 2, \"CostoUnitario\": 12, \"condicion\": \"A\", \"Descripcion\": \"qwe\", \"Nombre\": \"item\", \"Estado\": \"CON\", \"Prioridad\": 12, \"Fase\": 1}}]", "revision": 22}}, {"pk": 57, "model": "reversion.version", "fields": {"format": "json", "object_repr": "Relacion object", "object_id": "4", "content_type": 18, "object_id_int": 4, "serialized_data": "[{\"pk\": 4, \"model\": \"desarrollo.relacion\", \"fields\": {\"antecesor\": null, \"estado\": \"E\", \"padre\": null, \"item\": 4}}]", "revision": 22}}, {"pk": 58, "model": "reversion.version", "fields": {"format": "json", "object_repr": "Campo object", "object_id": "7", "content_type": 17, "object_id_int": 7, "serialized_data": "[{\"pk\": 7, \"model\": \"desarrollo.campo\", \"fields\": {\"hora\": null, \"atributo\": 1, \"fecha\": null, \"precision\": null, \"tipoItem\": 1, \"cadena\": null, \"item\": 4, \"mail\": null, \"numerico\": \"122\", \"longitud\": null, \"logico\": null}}]", "revision": 22}}, {"pk": 59, "model": "reversion.version", "fields": {"format": "json", "object_repr": "Campo object", "object_id": "9", "content_type": 17, "object_id_int": 9, "serialized_data": "[{\"pk\": 9, \"model\": \"desarrollo.campo\", \"fields\": {\"hora\": null, \"atributo\": 1, \"fecha\": null, \"precision\": null, \"tipoItem\": 1, \"cadena\": null, \"item\": 5, \"mail\": null, \"numerico\": null, \"longitud\": null, \"logico\": null}}]", "revision": 23}}, {"pk": 60, "model": "reversion.version", "fields": {"format": "json", "object_repr": "Campo object", "object_id": "10", "content_type": 17, "object_id_int": 10, "serialized_data": "[{\"pk\": 10, \"model\": \"desarrollo.campo\", \"fields\": {\"hora\": null, \"atributo\": 2, \"fecha\": null, \"precision\": null, \"tipoItem\": 1, \"cadena\": null, \"item\": 5, \"mail\": null, \"numerico\": null, \"longitud\": null, \"logico\": null}}]", "revision": 23}}, {"pk": 61, "model": "reversion.version", "fields": {"format": "json", "object_repr": "qwe", "object_id": "5", "content_type": 16, "object_id_int": 5, "serialized_data": "[{\"pk\": 5, \"model\": \"desarrollo.item\", \"fields\": {\"Tipo\": 1, \"Usuario\": 4, \"Fecha\": \"2014-06-21T06:04:24.322Z\", \"CostoTemporal\": 1, \"Version\": 1, \"CostoUnitario\": 11, \"condicion\": \"A\", \"Descripcion\": \"qwe\", \"Nombre\": \"qwe\", \"Estado\": \"CON\", \"Prioridad\": 12, \"Fase\": 1}}]", "revision": 23}}, {"pk": 62, "model": "reversion.version", "fields": {"format": "json", "object_repr": "Relacion object", "object_id": "5", "content_type": 18, "object_id_int": 5, "serialized_data": "[{\"pk\": 5, \"model\": \"desarrollo.relacion\", \"fields\": {\"antecesor\": null, \"estado\": \"E\", \"padre\": null, \"item\": 5}}]", "revision": 23}}, {"pk": 63, "model": "reversion.version", "fields": {"format": "json", "object_repr": "Campo object", "object_id": "9", "content_type": 17, "object_id_int": 9, "serialized_data": "[{\"pk\": 9, \"model\": \"desarrollo.campo\", \"fields\": {\"hora\": null, \"atributo\": 1, \"fecha\": null, \"precision\": null, \"tipoItem\": 1, \"cadena\": null, \"item\": 5, \"mail\": null, \"numerico\": \"1\", \"longitud\": null, \"logico\": null}}]", "revision": 24}}, {"pk": 64, "model": "reversion.version", "fields": {"format": "json", "object_repr": "Campo object", "object_id": "10", "content_type": 17, "object_id_int": 10, "serialized_data": "[{\"pk\": 10, \"model\": \"desarrollo.campo\", \"fields\": {\"hora\": null, \"atributo\": 2, \"fecha\": null, \"precision\": null, \"tipoItem\": 1, \"cadena\": null, \"item\": 5, \"mail\": null, \"numerico\": \"1\", \"longitud\": null, \"logico\": null}}]", "revision": 24}}, {"pk": 65, "model": "reversion.version", "fields": {"format": "json", "object_repr": "qwe", "object_id": "5", "content_type": 16, "object_id_int": 5, "serialized_data": "[{\"pk\": 5, \"model\": \"desarrollo.item\", \"fields\": {\"Tipo\": 1, \"Usuario\": 4, \"Fecha\": \"2014-06-21T06:04:37.514Z\", \"CostoTemporal\": 1, \"Version\": 2, \"CostoUnitario\": 11, \"condicion\": \"A\", \"Descripcion\": \"qwe\", \"Nombre\": \"qwe\", \"Estado\": \"CON\", \"Prioridad\": 12, \"Fase\": 1}}]", "revision": 24}}, {"pk": 66, "model": "reversion.version", "fields": {"format": "json", "object_repr": "Relacion object", "object_id": "5", "content_type": 18, "object_id_int": 5, "serialized_data": "[{\"pk\": 5, \"model\": \"desarrollo.relacion\", \"fields\": {\"antecesor\": null, \"estado\": \"E\", \"padre\": null, \"item\": 5}}]", "revision": 24}}, {"pk": 67, "model": "reversion.version", "fields": {"format": "json", "object_repr": "Relacion object", "object_id": "5", "content_type": 18, "object_id_int": 5, "serialized_data": "[{\"pk\": 5, \"model\": \"desarrollo.relacion\", \"fields\": {\"antecesor\": null, \"estado\": \"E\", \"padre\": null, \"item\": 5}}]", "revision": 25}}, {"pk": 68, "model": "reversion.version", "fields": {"format": "json", "object_repr": "qwe", "object_id": "5", "content_type": 16, "object_id_int": 5, "serialized_data": "[{\"pk\": 5, \"model\": \"desarrollo.item\", \"fields\": {\"Tipo\": 1, \"Usuario\": 4, \"Fecha\": \"2014-06-21T06:04:52.869Z\", \"CostoTemporal\": 1, \"Version\": 2, \"CostoUnitario\": 11, \"condicion\": \"E\", \"Descripcion\": \"qwe\", \"Nombre\": \"qwe\", \"Estado\": \"CON\", \"Prioridad\": 12, \"Fase\": 1}}]", "revision": 25}}, {"pk": 69, "model": "reversion.version", "fields": {"format": "json", "object_repr": "qwe", "object_id": "5", "content_type": 16, "object_id_int": 5, "serialized_data": "[{\"pk\": 5, \"model\": \"desarrollo.item\", \"fields\": {\"Tipo\": 1, \"Usuario\": 4, \"Fecha\": \"2014-06-21T06:04:56.320Z\", \"CostoTemporal\": 1, \"Version\": 2, \"CostoUnitario\": 11, \"condicion\": \"A\", \"Descripcion\": \"qwe\", \"Nombre\": \"qwe\", \"Estado\": \"CON\", \"Prioridad\": 12, \"Fase\": 1}}]", "revision": 26}}, {"pk": 70, "model": "reversion.version", "fields": {"format": "json", "object_repr": "Relacion object", "object_id": "5", "content_type": 18, "object_id_int": 5, "serialized_data": "[{\"pk\": 5, \"model\": \"desarrollo.relacion\", \"fields\": {\"antecesor\": null, \"estado\": \"E\", \"padre\": null, \"item\": 5}}]", "revision": 26}}, {"pk": 71, "model": "reversion.version", "fields": {"format": "json", "object_repr": "Campo object", "object_id": "9", "content_type": 17, "object_id_int": 9, "serialized_data": "[{\"pk\": 9, \"model\": \"desarrollo.campo\", \"fields\": {\"hora\": null, \"atributo\": 1, \"fecha\": null, \"precision\": null, \"tipoItem\": 1, \"cadena\": null, \"item\": 5, \"mail\": null, \"numerico\": \"1.000000\", \"longitud\": null, \"logico\": null}}]", "revision": 27}}, {"pk": 72, "model": "reversion.version", "fields": {"format": "json", "object_repr": "Campo object", "object_id": "10", "content_type": 17, "object_id_int": 10, "serialized_data": "[{\"pk\": 10, \"model\": \"desarrollo.campo\", \"fields\": {\"hora\": null, \"atributo\": 2, \"fecha\": null, \"precision\": null, \"tipoItem\": 1, \"cadena\": null, \"item\": 5, \"mail\": null, \"numerico\": \"12\", \"longitud\": null, \"logico\": null}}]", "revision": 27}}, {"pk": 73, "model": "reversion.version", "fields": {"format": "json", "object_repr": "qwe", "object_id": "5", "content_type": 16, "object_id_int": 5, "serialized_data": "[{\"pk\": 5, \"model\": \"desarrollo.item\", \"fields\": {\"Tipo\": 1, \"Usuario\": 4, \"Fecha\": \"2014-06-21T06:05:06.508Z\", \"CostoTemporal\": 1, \"Version\": 3, \"CostoUnitario\": 11, \"condicion\": \"A\", \"Descripcion\": \"qwe\", \"Nombre\": \"qwe\", \"Estado\": \"CON\", \"Prioridad\": 12, \"Fase\": 1}}]", "revision": 27}}, {"pk": 74, "model": "reversion.version", "fields": {"format": "json", "object_repr": "Relacion object", "object_id": "5", "content_type": 18, "object_id_int": 5, "serialized_data": "[{\"pk\": 5, \"model\": \"desarrollo.relacion\", \"fields\": {\"antecesor\": null, \"estado\": \"E\", \"padre\": null, \"item\": 5}}]", "revision": 27}}, {"pk": 75, "model": "reversion.version", "fields": {"format": "json", "object_repr": "Relacion object", "object_id": "4", "content_type": 18, "object_id_int": 4, "serialized_data": "[{\"pk\": 4, \"model\": \"desarrollo.relacion\", \"fields\": {\"antecesor\": null, \"estado\": \"E\", \"padre\": null, \"item\": 4}}]", "revision": 28}}, {"pk": 76, "model": "reversion.version", "fields": {"format": "json", "object_repr": "item", "object_id": "4", "content_type": 16, "object_id_int": 4, "serialized_data": "[{\"pk\": 4, \"model\": \"desarrollo.item\", \"fields\": {\"Tipo\": 1, \"Usuario\": 4, \"Fecha\": \"2014-06-21T06:06:15.187Z\", \"CostoTemporal\": 12, \"Version\": 2, \"CostoUnitario\": 12, \"condicion\": \"E\", \"Descripcion\": \"qwe\", \"Nombre\": \"item\", \"Estado\": \"CON\", \"Prioridad\": 12, \"Fase\": 1}}]", "revision": 28}}, {"pk": 77, "model": "reversion.version", "fields": {"format": "json", "object_repr": "Relacion object", "object_id": "5", "content_type": 18, "object_id_int": 5, "serialized_data": "[{\"pk\": 5, \"model\": \"desarrollo.relacion\", \"fields\": {\"antecesor\": null, \"estado\": \"E\", \"padre\": null, \"item\": 5}}]", "revision": 29}}, {"pk": 78, "model": "reversion.version", "fields": {"format": "json", "object_repr": "qwe", "object_id": "5", "content_type": 16, "object_id_int": 5, "serialized_data": "[{\"pk\": 5, \"model\": \"desarrollo.item\", \"fields\": {\"Tipo\": 1, \"Usuario\": 4, \"Fecha\": \"2014-06-21T06:06:18.217Z\", \"CostoTemporal\": 1, \"Version\": 3, \"CostoUnitario\": 11, \"condicion\": \"E\", \"Descripcion\": \"qwe\", \"Nombre\": \"qwe\", \"Estado\": \"CON\", \"Prioridad\": 12, \"Fase\": 1}}]", "revision": 29}}, {"pk": 79, "model": "reversion.version", "fields": {"format": "json", "object_repr": "Campo object", "object_id": "11", "content_type": 17, "object_id_int": 11, "serialized_data": "[{\"pk\": 11, \"model\": \"desarrollo.campo\", \"fields\": {\"hora\": null, \"atributo\": 1, \"fecha\": null, \"precision\": null, \"tipoItem\": 1, \"cadena\": null, \"item\": 6, \"mail\": null, \"numerico\": null, \"longitud\": null, \"logico\": null}}]", "revision": 30}}, {"pk": 80, "model": "reversion.version", "fields": {"format": "json", "object_repr": "Campo object", "object_id": "12", "content_type": 17, "object_id_int": 12, "serialized_data": "[{\"pk\": 12, \"model\": \"desarrollo.campo\", \"fields\": {\"hora\": null, \"atributo\": 2, \"fecha\": null, \"precision\": null, \"tipoItem\": 1, \"cadena\": null, \"item\": 6, \"mail\": null, \"numerico\": null, \"longitud\": null, \"logico\": null}}]", "revision": 30}}, {"pk": 81, "model": "reversion.version", "fields": {"format": "json", "object_repr": "asd", "object_id": "6", "content_type": 16, "object_id_int": 6, "serialized_data": "[{\"pk\": 6, \"model\": \"desarrollo.item\", \"fields\": {\"Tipo\": 1, \"Usuario\": 4, \"Fecha\": \"2014-06-21T06:06:29.241Z\", \"CostoTemporal\": 2, \"Version\": 1, \"CostoUnitario\": 2, \"condicion\": \"A\", \"Descripcion\": \"as\", \"Nombre\": \"asd\", \"Estado\": \"CON\", \"Prioridad\": 2, \"Fase\": 1}}]", "revision": 30}}, {"pk": 82, "model": "reversion.version", "fields": {"format": "json", "object_repr": "Relacion object", "object_id": "6", "content_type": 18, "object_id_int": 6, "serialized_data": "[{\"pk\": 6, \"model\": \"desarrollo.relacion\", \"fields\": {\"antecesor\": null, \"estado\": \"E\", \"padre\": null, \"item\": 6}}]", "revision": 30}}, {"pk": 83, "model": "reversion.version", "fields": {"format": "json", "object_repr": "Relacion object", "object_id": "6", "content_type": 18, "object_id_int": 6, "serialized_data": "[{\"pk\": 6, \"model\": \"desarrollo.relacion\", \"fields\": {\"antecesor\": null, \"estado\": \"E\", \"padre\": null, \"item\": 6}}]", "revision": 31}}, {"pk": 84, "model": "reversion.version", "fields": {"format": "json", "object_repr": "asd", "object_id": "6", "content_type": 16, "object_id_int": 6, "serialized_data": "[{\"pk\": 6, \"model\": \"desarrollo.item\", \"fields\": {\"Tipo\": 1, \"Usuario\": 4, \"Fecha\": \"2014-06-21T06:06:34.060Z\", \"CostoTemporal\": 2, \"Version\": 1, \"CostoUnitario\": 2, \"condicion\": \"E\", \"Descripcion\": \"as\", \"Nombre\": \"asd\", \"Estado\": \"CON\", \"Prioridad\": 2, \"Fase\": 1}}]", "revision": 31}}, {"pk": 85, "model": "reversion.version", "fields": {"format": "json", "object_repr": "asd", "object_id": "6", "content_type": 16, "object_id_int": 6, "serialized_data": "[{\"pk\": 6, \"model\": \"desarrollo.item\", \"fields\": {\"Tipo\": 1, \"Usuario\": 4, \"Fecha\": \"2014-06-21T06:06:39.439Z\", \"CostoTemporal\": 2, \"Version\": 2, \"CostoUnitario\": 2, \"condicion\": \"A\", \"Descripcion\": \"as\", \"Nombre\": \"asd\", \"Estado\": \"CON\", \"Prioridad\": 2, \"Fase\": 1}}]", "revision": 32}}, {"pk": 86, "model": "reversion.version", "fields": {"format": "json", "object_repr": "Relacion object", "object_id": "6", "content_type": 18, "object_id_int": 6, "serialized_data": "[{\"pk\": 6, \"model\": \"desarrollo.relacion\", \"fields\": {\"antecesor\": null, \"estado\": \"E\", \"padre\": null, \"item\": 6}}]", "revision": 32}}, {"pk": 87, "model": "reversion.version", "fields": {"format": "json", "object_repr": "Relacion object", "object_id": "6", "content_type": 18, "object_id_int": 6, "serialized_data": "[{\"pk\": 6, \"model\": \"desarrollo.relacion\", \"fields\": {\"antecesor\": null, \"estado\": \"E\", \"padre\": null, \"item\": 6}}]", "revision": 33}}, {"pk": 88, "model": "reversion.version", "fields": {"format": "json", "object_repr": "asd", "object_id": "6", "content_type": 16, "object_id_int": 6, "serialized_data": "[{\"pk\": 6, \"model\": \"desarrollo.item\", \"fields\": {\"Tipo\": 1, \"Usuario\": 4, \"Fecha\": \"2014-06-21T06:08:13.534Z\", \"CostoTemporal\": 2, \"Version\": 2, \"CostoUnitario\": 2, \"condicion\": \"E\", \"Descripcion\": \"as\", \"Nombre\": \"asd\", \"Estado\": \"CON\", \"Prioridad\": 2, \"Fase\": 1}}]", "revision": 33}}, {"pk": 89, "model": "reversion.version", "fields": {"format": "json", "object_repr": "zxc", "object_id": "7", "content_type": 16, "object_id_int": 7, "serialized_data": "[{\"pk\": 7, \"model\": \"desarrollo.item\", \"fields\": {\"Tipo\": 1, \"Usuario\": 4, \"Fecha\": \"2014-06-21T06:08:32.327Z\", \"CostoTemporal\": 1, \"Version\": 1, \"CostoUnitario\": 1, \"condicion\": \"A\", \"Descripcion\": \"1\", \"Nombre\": \"zxc\", \"Estado\": \"CON\", \"Prioridad\": 1, \"Fase\": 1}}]", "revision": 34}}, {"pk": 90, "model": "reversion.version", "fields": {"format": "json", "object_repr": "Campo object", "object_id": "13", "content_type": 17, "object_id_int": 13, "serialized_data": "[{\"pk\": 13, \"model\": \"desarrollo.campo\", \"fields\": {\"hora\": null, \"atributo\": 1, \"fecha\": null, \"precision\": null, \"tipoItem\": 1, \"cadena\": null, \"item\": 7, \"mail\": null, \"numerico\": null, \"longitud\": null, \"logico\": null}}]", "revision": 34}}, {"pk": 91, "model": "reversion.version", "fields": {"format": "json", "object_repr": "Campo object", "object_id": "14", "content_type": 17, "object_id_int": 14, "serialized_data": "[{\"pk\": 14, \"model\": \"desarrollo.campo\", \"fields\": {\"hora\": null, \"atributo\": 2, \"fecha\": null, \"precision\": null, \"tipoItem\": 1, \"cadena\": null, \"item\": 7, \"mail\": null, \"numerico\": null, \"longitud\": null, \"logico\": null}}]", "revision": 34}}, {"pk": 92, "model": "reversion.version", "fields": {"format": "json", "object_repr": "Relacion object", "object_id": "7", "content_type": 18, "object_id_int": 7, "serialized_data": "[{\"pk\": 7, \"model\": \"desarrollo.relacion\", \"fields\": {\"antecesor\": null, \"estado\": \"E\", \"padre\": null, \"item\": 7}}]", "revision": 34}}, {"pk": 93, "model": "reversion.version", "fields": {"format": "json", "object_repr": "Relacion object", "object_id": "7", "content_type": 18, "object_id_int": 7, "serialized_data": "[{\"pk\": 7, \"model\": \"desarrollo.relacion\", \"fields\": {\"antecesor\": null, \"estado\": \"E\", \"padre\": null, \"item\": 7}}]", "revision": 35}}, {"pk": 94, "model": "reversion.version", "fields": {"format": "json", "object_repr": "zxc", "object_id": "7", "content_type": 16, "object_id_int": 7, "serialized_data": "[{\"pk\": 7, \"model\": \"desarrollo.item\", \"fields\": {\"Tipo\": 1, \"Usuario\": 4, \"Fecha\": \"2014-06-21T06:08:41.807Z\", \"CostoTemporal\": 1, \"Version\": 1, \"CostoUnitario\": 1, \"condicion\": \"E\", \"Descripcion\": \"1\", \"Nombre\": \"zxc\", \"Estado\": \"CON\", \"Prioridad\": 1, \"Fase\": 1}}]", "revision": 35}}, {"pk": 95, "model": "reversion.version", "fields": {"format": "json", "object_repr": "zxc", "object_id": "7", "content_type": 16, "object_id_int": 7, "serialized_data": "[{\"pk\": 7, \"model\": \"desarrollo.item\", \"fields\": {\"Tipo\": 1, \"Usuario\": 4, \"Fecha\": \"2014-06-21T06:08:56.862Z\", \"CostoTemporal\": 1, \"Version\": 2, \"CostoUnitario\": 1, \"condicion\": \"A\", \"Descripcion\": \"1\", \"Nombre\": \"zxc\", \"Estado\": \"CON\", \"Prioridad\": 1, \"Fase\": 1}}]", "revision": 36}}, {"pk": 96, "model": "reversion.version", "fields": {"format": "json", "object_repr": "Relacion object", "object_id": "7", "content_type": 18, "object_id_int": 7, "serialized_data": "[{\"pk\": 7, \"model\": \"desarrollo.relacion\", \"fields\": {\"antecesor\": null, \"estado\": \"E\", \"padre\": null, \"item\": 7}}]", "revision": 36}}, {"pk": 97, "model": "reversion.version", "fields": {"format": "json", "object_repr": "12nn", "object_id": "8", "content_type": 16, "object_id_int": 8, "serialized_data": "[{\"pk\": 8, \"model\": \"desarrollo.item\", \"fields\": {\"Tipo\": 1, \"Usuario\": 4, \"Fecha\": \"2014-06-21T06:16:10.361Z\", \"CostoTemporal\": 1, \"Version\": 1, \"CostoUnitario\": 1, \"condicion\": \"A\", \"Descripcion\": \"1\", \"Nombre\": \"12nn\", \"Estado\": \"CON\", \"Prioridad\": 1, \"Fase\": 1}}]", "revision": 37}}, {"pk": 98, "model": "reversion.version", "fields": {"format": "json", "object_repr": "Campo object", "object_id": "16", "content_type": 17, "object_id_int": 16, "serialized_data": "[{\"pk\": 16, \"model\": \"desarrollo.campo\", \"fields\": {\"hora\": null, \"atributo\": 2, \"fecha\": null, \"precision\": null, \"tipoItem\": 1, \"cadena\": null, \"item\": 8, \"mail\": null, \"numerico\": null, \"longitud\": null, \"logico\": null}}]", "revision": 37}}, {"pk": 99, "model": "reversion.version", "fields": {"format": "json", "object_repr": "Relacion object", "object_id": "8", "content_type": 18, "object_id_int": 8, "serialized_data": "[{\"pk\": 8, \"model\": \"desarrollo.relacion\", \"fields\": {\"antecesor\": null, \"estado\": \"E\", \"padre\": null, \"item\": 8}}]", "revision": 37}}, {"pk": 100, "model": "reversion.version", "fields": {"format": "json", "object_repr": "Campo object", "object_id": "15", "content_type": 17, "object_id_int": 15, "serialized_data": "[{\"pk\": 15, \"model\": \"desarrollo.campo\", \"fields\": {\"hora\": null, \"atributo\": 1, \"fecha\": null, \"precision\": null, \"tipoItem\": 1, \"cadena\": null, \"item\": 8, \"mail\": null, \"numerico\": null, \"longitud\": null, \"logico\": null}}]", "revision": 37}}, {"pk": 101, "model": "reversion.version", "fields": {"format": "json", "object_repr": "Relacion object", "object_id": "8", "content_type": 18, "object_id_int": 8, "serialized_data": "[{\"pk\": 8, \"model\": \"desarrollo.relacion\", \"fields\": {\"antecesor\": null, \"estado\": \"E\", \"padre\": null, \"item\": 8}}]", "revision": 38}}, {"pk": 102, "model": "reversion.version", "fields": {"format": "json", "object_repr": "12nn", "object_id": "8", "content_type": 16, "object_id_int": 8, "serialized_data": "[{\"pk\": 8, \"model\": \"desarrollo.item\", \"fields\": {\"Tipo\": 1, \"Usuario\": 4, \"Fecha\": \"2014-06-21T06:16:50.617Z\", \"CostoTemporal\": 1, \"Version\": 1, \"CostoUnitario\": 1, \"condicion\": \"E\", \"Descripcion\": \"1\", \"Nombre\": \"12nn\", \"Estado\": \"CON\", \"Prioridad\": 1, \"Fase\": 1}}]", "revision": 38}}, {"pk": 103, "model": "reversion.version", "fields": {"format": "json", "object_repr": "12nn", "object_id": "8", "content_type": 16, "object_id_int": 8, "serialized_data": "[{\"pk\": 8, \"model\": \"desarrollo.item\", \"fields\": {\"Tipo\": 1, \"Usuario\": 4, \"Fecha\": \"2014-06-21T06:17:31.373Z\", \"CostoTemporal\": 1, \"Version\": 1, \"CostoUnitario\": 1, \"condicion\": \"A\", \"Descripcion\": \"1\", \"Nombre\": \"12nn\", \"Estado\": \"CON\", \"Prioridad\": 1, \"Fase\": 1}}]", "revision": 39}}, {"pk": 104, "model": "reversion.version", "fields": {"format": "json", "object_repr": "Relacion object", "object_id": "8", "content_type": 18, "object_id_int": 8, "serialized_data": "[{\"pk\": 8, \"model\": \"desarrollo.relacion\", \"fields\": {\"antecesor\": null, \"estado\": \"E\", \"padre\": null, \"item\": 8}}]", "revision": 39}}, {"pk": 105, "model": "reversion.version", "fields": {"format": "json", "object_repr": "Relacion object", "object_id": "8", "content_type": 18, "object_id_int": 8, "serialized_data": "[{\"pk\": 8, \"model\": \"desarrollo.relacion\", \"fields\": {\"antecesor\": null, \"estado\": \"E\", \"padre\": null, \"item\": 8}}]", "revision": 40}}, {"pk": 106, "model": "reversion.version", "fields": {"format": "json", "object_repr": "12nn", "object_id": "8", "content_type": 16, "object_id_int": 8, "serialized_data": "[{\"pk\": 8, \"model\": \"desarrollo.item\", \"fields\": {\"Tipo\": 1, \"Usuario\": 4, \"Fecha\": \"2014-06-21T06:18:12.073Z\", \"CostoTemporal\": 1, \"Version\": 1, \"CostoUnitario\": 1, \"condicion\": \"E\", \"Descripcion\": \"1\", \"Nombre\": \"12nn\", \"Estado\": \"CON\", \"Prioridad\": 1, \"Fase\": 1}}]", "revision": 40}}, {"pk": 107, "model": "reversion.version", "fields": {"format": "json", "object_repr": "12nn", "object_id": "8", "content_type": 16, "object_id_int": 8, "serialized_data": "[{\"pk\": 8, \"model\": \"desarrollo.item\", \"fields\": {\"Tipo\": 1, \"Usuario\": 4, \"Fecha\": \"2014-06-21T06:18:16.358Z\", \"CostoTemporal\": 1, \"Version\": 1, \"CostoUnitario\": 1, \"condicion\": \"A\", \"Descripcion\": \"1\", \"Nombre\": \"12nn\", \"Estado\": \"CON\", \"Prioridad\": 1, \"Fase\": 1}}]", "revision": 41}}, {"pk": 108, "model": "reversion.version", "fields": {"format": "json", "object_repr": "Relacion object", "object_id": "8", "content_type": 18, "object_id_int": 8, "serialized_data": "[{\"pk\": 8, \"model\": \"desarrollo.relacion\", \"fields\": {\"antecesor\": null, \"estado\": \"E\", \"padre\": null, \"item\": 8}}]", "revision": 41}}, {"pk": 109, "model": "reversion.version", "fields": {"format": "json", "object_repr": "Campo object", "object_id": "16", "content_type": 17, "object_id_int": 16, "serialized_data": "[{\"pk\": 16, \"model\": \"desarrollo.campo\", \"fields\": {\"hora\": null, \"atributo\": 2, \"fecha\": null, \"precision\": null, \"tipoItem\": 1, \"cadena\": null, \"item\": 8, \"mail\": null, \"numerico\": \"1\", \"longitud\": null, \"logico\": null}}]", "revision": 42}}, {"pk": 110, "model": "reversion.version", "fields": {"format": "json", "object_repr": "12nn", "object_id": "8", "content_type": 16, "object_id_int": 8, "serialized_data": "[{\"pk\": 8, \"model\": \"desarrollo.item\", \"fields\": {\"Tipo\": 1, \"Usuario\": 4, \"Fecha\": \"2014-06-21T06:18:29.146Z\", \"CostoTemporal\": 1, \"Version\": 2, \"CostoUnitario\": 1, \"condicion\": \"A\", \"Descripcion\": \"1\", \"Nombre\": \"12nn\", \"Estado\": \"CON\", \"Prioridad\": 1, \"Fase\": 1}}]", "revision": 42}}, {"pk": 111, "model": "reversion.version", "fields": {"format": "json", "object_repr": "Relacion object", "object_id": "8", "content_type": 18, "object_id_int": 8, "serialized_data": "[{\"pk\": 8, \"model\": \"desarrollo.relacion\", \"fields\": {\"antecesor\": null, \"estado\": \"E\", \"padre\": null, \"item\": 8}}]", "revision": 42}}, {"pk": 112, "model": "reversion.version", "fields": {"format": "json", "object_repr": "Campo object", "object_id": "15", "content_type": 17, "object_id_int": 15, "serialized_data": "[{\"pk\": 15, \"model\": \"desarrollo.campo\", \"fields\": {\"hora\": null, \"atributo\": 1, \"fecha\": null, \"precision\": null, \"tipoItem\": 1, \"cadena\": null, \"item\": 8, \"mail\": null, \"numerico\": \"1\", \"longitud\": null, \"logico\": null}}]", "revision": 42}}, {"pk": 113, "model": "reversion.version", "fields": {"format": "json", "object_repr": "item1", "object_id": "9", "content_type": 16, "object_id_int": 9, "serialized_data": "[{\"pk\": 9, \"model\": \"desarrollo.item\", \"fields\": {\"Tipo\": 1, \"Usuario\": 4, \"Fecha\": \"2014-06-21T06:37:20.940Z\", \"CostoTemporal\": 1, \"Version\": 1, \"CostoUnitario\": 1, \"condicion\": \"A\", \"Descripcion\": \"123\", \"Nombre\": \"item1\", \"Estado\": \"CON\", \"Prioridad\": 1, \"Fase\": 1}}]", "revision": 43}}, {"pk": 114, "model": "reversion.version", "fields": {"format": "json", "object_repr": "Campo object", "object_id": "18", "content_type": 17, "object_id_int": 18, "serialized_data": "[{\"pk\": 18, \"model\": \"desarrollo.campo\", \"fields\": {\"hora\": null, \"atributo\": 2, \"fecha\": null, \"precision\": null, \"tipoItem\": 1, \"cadena\": null, \"item\": 9, \"mail\": null, \"numerico\": null, \"longitud\": null, \"logico\": null}}]", "revision": 43}}, {"pk": 115, "model": "reversion.version", "fields": {"format": "json", "object_repr": "Campo object", "object_id": "17", "content_type": 17, "object_id_int": 17, "serialized_data": "[{\"pk\": 17, \"model\": \"desarrollo.campo\", \"fields\": {\"hora\": null, \"atributo\": 1, \"fecha\": null, \"precision\": null, \"tipoItem\": 1, \"cadena\": null, \"item\": 9, \"mail\": null, \"numerico\": null, \"longitud\": null, \"logico\": null}}]", "revision": 43}}, {"pk": 116, "model": "reversion.version", "fields": {"format": "json", "object_repr": "Relacion object", "object_id": "9", "content_type": 18, "object_id_int": 9, "serialized_data": "[{\"pk\": 9, \"model\": \"desarrollo.relacion\", \"fields\": {\"antecesor\": null, \"estado\": \"E\", \"padre\": null, \"item\": 9}}]", "revision": 43}}, {"pk": 117, "model": "reversion.version", "fields": {"format": "json", "object_repr": "Relacion object", "object_id": "9", "content_type": 18, "object_id_int": 9, "serialized_data": "[{\"pk\": 9, \"model\": \"desarrollo.relacion\", \"fields\": {\"antecesor\": null, \"estado\": \"E\", \"padre\": null, \"item\": 9}}]", "revision": 44}}, {"pk": 118, "model": "reversion.version", "fields": {"format": "json", "object_repr": "item1", "object_id": "9", "content_type": 16, "object_id_int": 9, "serialized_data": "[{\"pk\": 9, \"model\": \"desarrollo.item\", \"fields\": {\"Tipo\": 1, \"Usuario\": 4, \"Fecha\": \"2014-06-21T06:37:27.483Z\", \"CostoTemporal\": 1, \"Version\": 1, \"CostoUnitario\": 1, \"condicion\": \"E\", \"Descripcion\": \"123\", \"Nombre\": \"item1\", \"Estado\": \"CON\", \"Prioridad\": 1, \"Fase\": 1}}]", "revision": 44}}, {"pk": 119, "model": "reversion.version", "fields": {"format": "json", "object_repr": "item1", "object_id": "9", "content_type": 16, "object_id_int": 9, "serialized_data": "[{\"pk\": 9, \"model\": \"desarrollo.item\", \"fields\": {\"Tipo\": 1, \"Usuario\": 4, \"Fecha\": \"2014-06-21T06:37:31.732Z\", \"CostoTemporal\": 1, \"Version\": 1, \"CostoUnitario\": 1, \"condicion\": \"A\", \"Descripcion\": \"123\", \"Nombre\": \"item1\", \"Estado\": \"CON\", \"Prioridad\": 1, \"Fase\": 1}}]", "revision": 45}}, {"pk": 120, "model": "reversion.version", "fields": {"format": "json", "object_repr": "Relacion object", "object_id": "9", "content_type": 18, "object_id_int": 9, "serialized_data": "[{\"pk\": 9, \"model\": \"desarrollo.relacion\", \"fields\": {\"antecesor\": null, \"estado\": \"E\", \"padre\": null, \"item\": 9}}]", "revision": 45}}, {"pk": 121, "model": "reversion.version", "fields": {"format": "json", "object_repr": "Campo object", "object_id": "17", "content_type": 17, "object_id_int": 17, "serialized_data": "[{\"pk\": 17, \"model\": \"desarrollo.campo\", \"fields\": {\"hora\": null, \"atributo\": 1, \"fecha\": null, \"precision\": null, \"tipoItem\": 1, \"cadena\": null, \"item\": 9, \"mail\": null, \"numerico\": \"1\", \"longitud\": null, \"logico\": null}}]", "revision": 46}}, {"pk": 122, "model": "reversion.version", "fields": {"format": "json", "object_repr": "Campo object", "object_id": "18", "content_type": 17, "object_id_int": 18, "serialized_data": "[{\"pk\": 18, \"model\": \"desarrollo.campo\", \"fields\": {\"hora\": null, \"atributo\": 2, \"fecha\": null, \"precision\": null, \"tipoItem\": 1, \"cadena\": null, \"item\": 9, \"mail\": null, \"numerico\": \"1\", \"longitud\": null, \"logico\": null}}]", "revision": 46}}, {"pk": 123, "model": "reversion.version", "fields": {"format": "json", "object_repr": "item1", "object_id": "9", "content_type": 16, "object_id_int": 9, "serialized_data": "[{\"pk\": 9, \"model\": \"desarrollo.item\", \"fields\": {\"Tipo\": 1, \"Usuario\": 4, \"Fecha\": \"2014-06-21T06:37:42.360Z\", \"CostoTemporal\": 1, \"Version\": 2, \"CostoUnitario\": 1, \"condicion\": \"A\", \"Descripcion\": \"123\", \"Nombre\": \"item1\", \"Estado\": \"CON\", \"Prioridad\": 1, \"Fase\": 1}}]", "revision": 46}}, {"pk": 124, "model": "reversion.version", "fields": {"format": "json", "object_repr": "Relacion object", "object_id": "9", "content_type": 18, "object_id_int": 9, "serialized_data": "[{\"pk\": 9, \"model\": \"desarrollo.relacion\", \"fields\": {\"antecesor\": null, \"estado\": \"E\", \"padre\": null, \"item\": 9}}]", "revision": 46}}, {"pk": 125, "model": "reversion.version", "fields": {"format": "json", "object_repr": "item1", "object_id": "9", "content_type": 16, "object_id_int": 9, "serialized_data": "[{\"pk\": 9, \"model\": \"desarrollo.item\", \"fields\": {\"Tipo\": 1, \"Usuario\": 4, \"Fecha\": \"2014-06-21T06:37:49.921Z\", \"CostoTemporal\": 1, \"Version\": 3, \"CostoUnitario\": 1, \"condicion\": \"A\", \"Descripcion\": \"123\", \"Nombre\": \"item1\", \"Estado\": \"CON\", \"Prioridad\": 1, \"Fase\": 1}}]", "revision": 47}}, {"pk": 126, "model": "reversion.version", "fields": {"format": "json", "object_repr": "Relacion object", "object_id": "9", "content_type": 18, "object_id_int": 9, "serialized_data": "[{\"pk\": 9, \"model\": \"desarrollo.relacion\", \"fields\": {\"antecesor\": null, \"estado\": \"E\", \"padre\": null, \"item\": 9}}]", "revision": 47}}, {"pk": 127, "model": "reversion.version", "fields": {"format": "json", "object_repr": "nuevo", "object_id": "10", "content_type": 16, "object_id_int": 10, "serialized_data": "[{\"pk\": 10, \"model\": \"desarrollo.item\", \"fields\": {\"Tipo\": 1, \"Usuario\": 4, \"Fecha\": \"2014-06-21T06:38:29.245Z\", \"CostoTemporal\": 1, \"Version\": 1, \"CostoUnitario\": 1, \"condicion\": \"A\", \"Descripcion\": \"nuevo\", \"Nombre\": \"nuevo\", \"Estado\": \"CON\", \"Prioridad\": 1, \"Fase\": 1}}]", "revision": 48}}, {"pk": 128, "model": "reversion.version", "fields": {"format": "json", "object_repr": "Campo object", "object_id": "19", "content_type": 17, "object_id_int": 19, "serialized_data": "[{\"pk\": 19, \"model\": \"desarrollo.campo\", \"fields\": {\"hora\": null, \"atributo\": 1, \"fecha\": null, \"precision\": null, \"tipoItem\": 1, \"cadena\": null, \"item\": 10, \"mail\": null, \"numerico\": null, \"longitud\": null, \"logico\": null}}]", "revision": 48}}, {"pk": 129, "model": "reversion.version", "fields": {"format": "json", "object_repr": "Campo object", "object_id": "20", "content_type": 17, "object_id_int": 20, "serialized_data": "[{\"pk\": 20, \"model\": \"desarrollo.campo\", \"fields\": {\"hora\": null, \"atributo\": 2, \"fecha\": null, \"precision\": null, \"tipoItem\": 1, \"cadena\": null, \"item\": 10, \"mail\": null, \"numerico\": null, \"longitud\": null, \"logico\": null}}]", "revision": 48}}, {"pk": 130, "model": "reversion.version", "fields": {"format": "json", "object_repr": "Relacion object", "object_id": "10", "content_type": 18, "object_id_int": 10, "serialized_data": "[{\"pk\": 10, \"model\": \"desarrollo.relacion\", \"fields\": {\"antecesor\": null, \"estado\": \"E\", \"padre\": null, \"item\": 10}}]", "revision": 48}}, {"pk": 131, "model": "reversion.version", "fields": {"format": "json", "object_repr": "nuevo", "object_id": "10", "content_type": 16, "object_id_int": 10, "serialized_data": "[{\"pk\": 10, \"model\": \"desarrollo.item\", \"fields\": {\"Tipo\": 1, \"Usuario\": 4, \"Fecha\": \"2014-06-21T06:38:40.180Z\", \"CostoTemporal\": 1, \"Version\": 2, \"CostoUnitario\": 1, \"condicion\": \"A\", \"Descripcion\": \"nuevo\", \"Nombre\": \"nuevo\", \"Estado\": \"CON\", \"Prioridad\": 1, \"Fase\": 1}}]", "revision": 49}}, {"pk": 132, "model": "reversion.version", "fields": {"format": "json", "object_repr": "Campo object", "object_id": "19", "content_type": 17, "object_id_int": 19, "serialized_data": "[{\"pk\": 19, \"model\": \"desarrollo.campo\", \"fields\": {\"hora\": null, \"atributo\": 1, \"fecha\": null, \"precision\": null, \"tipoItem\": 1, \"cadena\": null, \"item\": 10, \"mail\": null, \"numerico\": \"1\", \"longitud\": null, \"logico\": null}}]", "revision": 49}}, {"pk": 133, "model": "reversion.version", "fields": {"format": "json", "object_repr": "Campo object", "object_id": "20", "content_type": 17, "object_id_int": 20, "serialized_data": "[{\"pk\": 20, \"model\": \"desarrollo.campo\", \"fields\": {\"hora\": null, \"atributo\": 2, \"fecha\": null, \"precision\": null, \"tipoItem\": 1, \"cadena\": null, \"item\": 10, \"mail\": null, \"numerico\": \"1\", \"longitud\": null, \"logico\": null}}]", "revision": 49}}, {"pk": 134, "model": "reversion.version", "fields": {"format": "json", "object_repr": "Relacion object", "object_id": "10", "content_type": 18, "object_id_int": 10, "serialized_data": "[{\"pk\": 10, \"model\": \"desarrollo.relacion\", \"fields\": {\"antecesor\": null, \"estado\": \"E\", \"padre\": null, \"item\": 10}}]", "revision": 49}}, {"pk": 135, "model": "reversion.version", "fields": {"format": "json", "object_repr": "nuevo", "object_id": "10", "content_type": 16, "object_id_int": 10, "serialized_data": "[{\"pk\": 10, \"model\": \"desarrollo.item\", \"fields\": {\"Tipo\": 1, \"Usuario\": 4, \"Fecha\": \"2014-06-21T06:38:44.213Z\", \"CostoTemporal\": 1, \"Version\": 3, \"CostoUnitario\": 1, \"condicion\": \"A\", \"Descripcion\": \"nuevo\", \"Nombre\": \"nuevo\", \"Estado\": \"CON\", \"Prioridad\": 1, \"Fase\": 1}}]", "revision": 50}}, {"pk": 136, "model": "reversion.version", "fields": {"format": "json", "object_repr": "Campo object", "object_id": "19", "content_type": 17, "object_id_int": 19, "serialized_data": "[{\"pk\": 19, \"model\": \"desarrollo.campo\", \"fields\": {\"hora\": null, \"atributo\": 1, \"fecha\": null, \"precision\": null, \"tipoItem\": 1, \"cadena\": null, \"item\": 10, \"mail\": null, \"numerico\": null, \"longitud\": null, \"logico\": null}}]", "revision": 50}}, {"pk": 137, "model": "reversion.version", "fields": {"format": "json", "object_repr": "Campo object", "object_id": "20", "content_type": 17, "object_id_int": 20, "serialized_data": "[{\"pk\": 20, \"model\": \"desarrollo.campo\", \"fields\": {\"hora\": null, \"atributo\": 2, \"fecha\": null, \"precision\": null, \"tipoItem\": 1, \"cadena\": null, \"item\": 10, \"mail\": null, \"numerico\": null, \"longitud\": null, \"logico\": null}}]", "revision": 50}}, {"pk": 138, "model": "reversion.version", "fields": {"format": "json", "object_repr": "Relacion object", "object_id": "10", "content_type": 18, "object_id_int": 10, "serialized_data": "[{\"pk\": 10, \"model\": \"desarrollo.relacion\", \"fields\": {\"antecesor\": null, \"estado\": \"E\", \"padre\": null, \"item\": 10}}]", "revision": 50}}, {"pk": 139, "model": "reversion.version", "fields": {"format": "json", "object_repr": "item1", "object_id": "9", "content_type": 16, "object_id_int": 9, "serialized_data": "[{\"pk\": 9, \"model\": \"desarrollo.item\", \"fields\": {\"Tipo\": 1, \"Usuario\": 4, \"Fecha\": \"2014-06-21T06:40:36.023Z\", \"CostoTemporal\": 1, \"Version\": 4, \"CostoUnitario\": 1, \"condicion\": \"A\", \"Descripcion\": \"123\", \"Nombre\": \"item1\", \"Estado\": \"CON\", \"Prioridad\": 1, \"Fase\": 1}}]", "revision": 51}}, {"pk": 140, "model": "reversion.version", "fields": {"format": "json", "object_repr": "Campo object", "object_id": "18", "content_type": 17, "object_id_int": 18, "serialized_data": "[{\"pk\": 18, \"model\": \"desarrollo.campo\", \"fields\": {\"hora\": null, \"atributo\": 2, \"fecha\": null, \"precision\": null, \"tipoItem\": 1, \"cadena\": null, \"item\": 9, \"mail\": null, \"numerico\": null, \"longitud\": null, \"logico\": null}}]", "revision": 51}}, {"pk": 141, "model": "reversion.version", "fields": {"format": "json", "object_repr": "Campo object", "object_id": "17", "content_type": 17, "object_id_int": 17, "serialized_data": "[{\"pk\": 17, \"model\": \"desarrollo.campo\", \"fields\": {\"hora\": null, \"atributo\": 1, \"fecha\": null, \"precision\": null, \"tipoItem\": 1, \"cadena\": null, \"item\": 9, \"mail\": null, \"numerico\": null, \"longitud\": null, \"logico\": null}}]", "revision": 51}}, {"pk": 142, "model": "reversion.version", "fields": {"format": "json", "object_repr": "Relacion object", "object_id": "9", "content_type": 18, "object_id_int": 9, "serialized_data": "[{\"pk\": 9, \"model\": \"desarrollo.relacion\", \"fields\": {\"antecesor\": null, \"estado\": \"E\", \"padre\": null, \"item\": 9}}]", "revision": 51}}, {"pk": 143, "model": "reversion.version", "fields": {"format": "json", "object_repr": "Relacion object", "object_id": "7", "content_type": 18, "object_id_int": 7, "serialized_data": "[{\"pk\": 7, \"model\": \"desarrollo.relacion\", \"fields\": {\"antecesor\": null, \"estado\": \"E\", \"padre\": null, \"item\": 7}}]", "revision": 52}}, {"pk": 144, "model": "reversion.version", "fields": {"format": "json", "object_repr": "zxc", "object_id": "7", "content_type": 16, "object_id_int": 7, "serialized_data": "[{\"pk\": 7, \"model\": \"desarrollo.item\", \"fields\": {\"Tipo\": 1, \"Usuario\": 4, \"Fecha\": \"2014-06-21T06:43:36.501Z\", \"CostoTemporal\": 1, \"Version\": 2, \"CostoUnitario\": 1, \"condicion\": \"E\", \"Descripcion\": \"1\", \"Nombre\": \"zxc\", \"Estado\": \"CON\", \"Prioridad\": 1, \"Fase\": 1}}]", "revision": 52}}, {"pk": 145, "model": "reversion.version", "fields": {"format": "json", "object_repr": "Relacion object", "object_id": "8", "content_type": 18, "object_id_int": 8, "serialized_data": "[{\"pk\": 8, \"model\": \"desarrollo.relacion\", \"fields\": {\"antecesor\": null, \"estado\": \"E\", \"padre\": null, \"item\": 8}}]", "revision": 53}}, {"pk": 146, "model": "reversion.version", "fields": {"format": "json", "object_repr": "12nn", "object_id": "8", "content_type": 16, "object_id_int": 8, "serialized_data": "[{\"pk\": 8, \"model\": \"desarrollo.item\", \"fields\": {\"Tipo\": 1, \"Usuario\": 4, \"Fecha\": \"2014-06-21T06:43:38.960Z\", \"CostoTemporal\": 1, \"Version\": 2, \"CostoUnitario\": 1, \"condicion\": \"E\", \"Descripcion\": \"1\", \"Nombre\": \"12nn\", \"Estado\": \"CON\", \"Prioridad\": 1, \"Fase\": 1}}]", "revision": 53}}, {"pk": 147, "model": "reversion.version", "fields": {"format": "json", "object_repr": "Relacion object", "object_id": "10", "content_type": 18, "object_id_int": 10, "serialized_data": "[{\"pk\": 10, \"model\": \"desarrollo.relacion\", \"fields\": {\"antecesor\": null, \"estado\": \"E\", \"padre\": null, \"item\": 10}}]", "revision": 54}}, {"pk": 148, "model": "reversion.version", "fields": {"format": "json", "object_repr": "nuevo", "object_id": "10", "content_type": 16, "object_id_int": 10, "serialized_data": "[{\"pk\": 10, \"model\": \"desarrollo.item\", \"fields\": {\"Tipo\": 1, \"Usuario\": 4, \"Fecha\": \"2014-06-21T06:43:41.383Z\", \"CostoTemporal\": 1, \"Version\": 3, \"CostoUnitario\": 1, \"condicion\": \"E\", \"Descripcion\": \"nuevo\", \"Nombre\": \"nuevo\", \"Estado\": \"CON\", \"Prioridad\": 1, \"Fase\": 1}}]", "revision": 54}}, {"pk": 149, "model": "reversion.version", "fields": {"format": "json", "object_repr": "Relacion object", "object_id": "9", "content_type": 18, "object_id_int": 9, "serialized_data": "[{\"pk\": 9, \"model\": \"desarrollo.relacion\", \"fields\": {\"antecesor\": null, \"estado\": \"E\", \"padre\": null, \"item\": 9}}]", "revision": 55}}, {"pk": 150, "model": "reversion.version", "fields": {"format": "json", "object_repr": "item1", "object_id": "9", "content_type": 16, "object_id_int": 9, "serialized_data": "[{\"pk\": 9, \"model\": \"desarrollo.item\", \"fields\": {\"Tipo\": 1, \"Usuario\": 4, \"Fecha\": \"2014-06-21T06:43:44.165Z\", \"CostoTemporal\": 1, \"Version\": 4, \"CostoUnitario\": 1, \"condicion\": \"E\", \"Descripcion\": \"123\", \"Nombre\": \"item1\", \"Estado\": \"CON\", \"Prioridad\": 1, \"Fase\": 1}}]", "revision": 55}}, {"pk": 151, "model": "reversion.version", "fields": {"format": "json", "object_repr": "hola", "object_id": "11", "content_type": 16, "object_id_int": 11, "serialized_data": "[{\"pk\": 11, \"model\": \"desarrollo.item\", \"fields\": {\"Tipo\": 1, \"Usuario\": 4, \"Fecha\": \"2014-06-21T06:44:52.068Z\", \"CostoTemporal\": 1, \"Version\": 1, \"CostoUnitario\": 1, \"condicion\": \"A\", \"Descripcion\": \"a\", \"Nombre\": \"hola\", \"Estado\": \"CON\", \"Prioridad\": 1, \"Fase\": 1}}]", "revision": 56}}, {"pk": 152, "model": "reversion.version", "fields": {"format": "json", "object_repr": "Relacion object", "object_id": "11", "content_type": 18, "object_id_int": 11, "serialized_data": "[{\"pk\": 11, \"model\": \"desarrollo.relacion\", \"fields\": {\"antecesor\": null, \"estado\": \"E\", \"padre\": null, \"item\": 11}}]", "revision": 56}}, {"pk": 153, "model": "reversion.version", "fields": {"format": "json", "object_repr": "Campo object", "object_id": "21", "content_type": 17, "object_id_int": 21, "serialized_data": "[{\"pk\": 21, \"model\": \"desarrollo.campo\", \"fields\": {\"hora\": null, \"atributo\": 1, \"fecha\": null, \"precision\": null, \"tipoItem\": 1, \"cadena\": null, \"item\": 11, \"mail\": null, \"numerico\": null, \"longitud\": null, \"logico\": null}}]", "revision": 56}}, {"pk": 154, "model": "reversion.version", "fields": {"format": "json", "object_repr": "Campo object", "object_id": "22", "content_type": 17, "object_id_int": 22, "serialized_data": "[{\"pk\": 22, \"model\": \"desarrollo.campo\", \"fields\": {\"hora\": null, \"atributo\": 2, \"fecha\": null, \"precision\": null, \"tipoItem\": 1, \"cadena\": null, \"item\": 11, \"mail\": null, \"numerico\": null, \"longitud\": null, \"logico\": null}}]", "revision": 56}}, {"pk": 155, "model": "reversion.version", "fields": {"format": "json", "object_repr": "Relacion object", "object_id": "11", "content_type": 18, "object_id_int": 11, "serialized_data": "[{\"pk\": 11, \"model\": \"desarrollo.relacion\", \"fields\": {\"antecesor\": null, \"estado\": \"E\", \"padre\": null, \"item\": 11}}]", "revision": 57}}, {"pk": 156, "model": "reversion.version", "fields": {"format": "json", "object_repr": "hola", "object_id": "11", "content_type": 16, "object_id_int": 11, "serialized_data": "[{\"pk\": 11, \"model\": \"desarrollo.item\", \"fields\": {\"Tipo\": 1, \"Usuario\": 4, \"Fecha\": \"2014-06-21T06:44:58.037Z\", \"CostoTemporal\": 1, \"Version\": 1, \"CostoUnitario\": 1, \"condicion\": \"E\", \"Descripcion\": \"a\", \"Nombre\": \"hola\", \"Estado\": \"CON\", \"Prioridad\": 1, \"Fase\": 1}}]", "revision": 57}}, {"pk": 157, "model": "reversion.version", "fields": {"format": "json", "object_repr": "hola", "object_id": "11", "content_type": 16, "object_id_int": 11, "serialized_data": "[{\"pk\": 11, \"model\": \"desarrollo.item\", \"fields\": {\"Tipo\": 1, \"Usuario\": 4, \"Fecha\": \"2014-06-21T06:45:02.296Z\", \"CostoTemporal\": 1, \"Version\": 2, \"CostoUnitario\": 1, \"condicion\": \"A\", \"Descripcion\": \"a\", \"Nombre\": \"hola\", \"Estado\": \"CON\", \"Prioridad\": 1, \"Fase\": 1}}]", "revision": 58}}, {"pk": 158, "model": "reversion.version", "fields": {"format": "json", "object_repr": "Relacion object", "object_id": "11", "content_type": 18, "object_id_int": 11, "serialized_data": "[{\"pk\": 11, \"model\": \"desarrollo.relacion\", \"fields\": {\"antecesor\": null, \"estado\": \"E\", \"padre\": null, \"item\": 11}}]", "revision": 58}}, {"pk": 159, "model": "reversion.version", "fields": {"format": "json", "object_repr": "hola", "object_id": "11", "content_type": 16, "object_id_int": 11, "serialized_data": "[{\"pk\": 11, \"model\": \"desarrollo.item\", \"fields\": {\"Tipo\": 1, \"Usuario\": 4, \"Fecha\": \"2014-06-21T06:45:27.610Z\", \"CostoTemporal\": 1, \"Version\": 3, \"CostoUnitario\": 1, \"condicion\": \"A\", \"Descripcion\": \"a\", \"Nombre\": \"hola\", \"Estado\": \"CON\", \"Prioridad\": 1, \"Fase\": 1}}]", "revision": 59}}, {"pk": 160, "model": "reversion.version", "fields": {"format": "json", "object_repr": "Relacion object", "object_id": "11", "content_type": 18, "object_id_int": 11, "serialized_data": "[{\"pk\": 11, \"model\": \"desarrollo.relacion\", \"fields\": {\"antecesor\": null, \"estado\": \"E\", \"padre\": null, \"item\": 11}}]", "revision": 59}}, {"pk": 161, "model": "reversion.version", "fields": {"format": "json", "object_repr": "Campo object", "object_id": "21", "content_type": 17, "object_id_int": 21, "serialized_data": "[{\"pk\": 21, \"model\": \"desarrollo.campo\", \"fields\": {\"hora\": null, \"atributo\": 1, \"fecha\": null, \"precision\": null, \"tipoItem\": 1, \"cadena\": null, \"item\": 11, \"mail\": null, \"numerico\": null, \"longitud\": null, \"logico\": null}}]", "revision": 59}}, {"pk": 162, "model": "reversion.version", "fields": {"format": "json", "object_repr": "Campo object", "object_id": "22", "content_type": 17, "object_id_int": 22, "serialized_data": "[{\"pk\": 22, \"model\": \"desarrollo.campo\", \"fields\": {\"hora\": null, \"atributo\": 2, \"fecha\": null, \"precision\": null, \"tipoItem\": 1, \"cadena\": null, \"item\": 11, \"mail\": null, \"numerico\": null, \"longitud\": null, \"logico\": null}}]", "revision": 59}}, {"pk": 163, "model": "reversion.version", "fields": {"format": "json", "object_repr": "hola", "object_id": "11", "content_type": 16, "object_id_int": 11, "serialized_data": "[{\"pk\": 11, \"model\": \"desarrollo.item\", \"fields\": {\"Tipo\": 1, \"Usuario\": 4, \"Fecha\": \"2014-06-21T06:46:50.380Z\", \"CostoTemporal\": 1, \"Version\": 4, \"CostoUnitario\": 1, \"condicion\": \"A\", \"Descripcion\": \"a\", \"Nombre\": \"hola\", \"Estado\": \"CON\", \"Prioridad\": 1, \"Fase\": 1}}]", "revision": 60}}, {"pk": 164, "model": "reversion.version", "fields": {"format": "json", "object_repr": "Relacion object", "object_id": "11", "content_type": 18, "object_id_int": 11, "serialized_data": "[{\"pk\": 11, \"model\": \"desarrollo.relacion\", \"fields\": {\"antecesor\": null, \"estado\": \"E\", \"padre\": null, \"item\": 11}}]", "revision": 60}}, {"pk": 165, "model": "reversion.version", "fields": {"format": "json", "object_repr": "Campo object", "object_id": "21", "content_type": 17, "object_id_int": 21, "serialized_data": "[{\"pk\": 21, \"model\": \"desarrollo.campo\", \"fields\": {\"hora\": null, \"atributo\": 1, \"fecha\": null, \"precision\": null, \"tipoItem\": 1, \"cadena\": null, \"item\": 11, \"mail\": null, \"numerico\": null, \"longitud\": null, \"logico\": null}}]", "revision": 60}}, {"pk": 166, "model": "reversion.version", "fields": {"format": "json", "object_repr": "Campo object", "object_id": "22", "content_type": 17, "object_id_int": 22, "serialized_data": "[{\"pk\": 22, \"model\": \"desarrollo.campo\", \"fields\": {\"hora\": null, \"atributo\": 2, \"fecha\": null, \"precision\": null, \"tipoItem\": 1, \"cadena\": null, \"item\": 11, \"mail\": null, \"numerico\": null, \"longitud\": null, \"logico\": null}}]", "revision": 60}}, {"pk": 167, "model": "reversion.version", "fields": {"format": "json", "object_repr": "Campo object", "object_id": "24", "content_type": 17, "object_id_int": 24, "serialized_data": "[{\"pk\": 24, \"model\": \"desarrollo.campo\", \"fields\": {\"hora\": null, \"atributo\": 2, \"fecha\": null, \"precision\": null, \"tipoItem\": 1, \"cadena\": null, \"item\": 12, \"mail\": null, \"numerico\": null, \"longitud\": null, \"logico\": null}}]", "revision": 61}}, {"pk": 168, "model": "reversion.version", "fields": {"format": "json", "object_repr": "chau", "object_id": "12", "content_type": 16, "object_id_int": 12, "serialized_data": "[{\"pk\": 12, \"model\": \"desarrollo.item\", \"fields\": {\"Tipo\": 1, \"Usuario\": 4, \"Fecha\": \"2014-06-21T06:47:04.223Z\", \"CostoTemporal\": 1, \"Version\": 1, \"CostoUnitario\": 1, \"condicion\": \"A\", \"Descripcion\": \"chau\", \"Nombre\": \"chau\", \"Estado\": \"CON\", \"Prioridad\": 1, \"Fase\": 1}}]", "revision": 61}}, {"pk": 169, "model": "reversion.version", "fields": {"format": "json", "object_repr": "Relacion object", "object_id": "12", "content_type": 18, "object_id_int": 12, "serialized_data": "[{\"pk\": 12, \"model\": \"desarrollo.relacion\", \"fields\": {\"antecesor\": null, \"estado\": \"E\", \"padre\": null, \"item\": 12}}]", "revision": 61}}, {"pk": 170, "model": "reversion.version", "fields": {"format": "json", "object_repr": "Campo object", "object_id": "23", "content_type": 17, "object_id_int": 23, "serialized_data": "[{\"pk\": 23, \"model\": \"desarrollo.campo\", \"fields\": {\"hora\": null, \"atributo\": 1, \"fecha\": null, \"precision\": null, \"tipoItem\": 1, \"cadena\": null, \"item\": 12, \"mail\": null, \"numerico\": null, \"longitud\": null, \"logico\": null}}]", "revision": 61}}, {"pk": 171, "model": "reversion.version", "fields": {"format": "json", "object_repr": "Campo object", "object_id": "24", "content_type": 17, "object_id_int": 24, "serialized_data": "[{\"pk\": 24, \"model\": \"desarrollo.campo\", \"fields\": {\"hora\": null, \"atributo\": 2, \"fecha\": null, \"precision\": null, \"tipoItem\": 1, \"cadena\": null, \"item\": 12, \"mail\": null, \"numerico\": \"1\", \"longitud\": null, \"logico\": null}}]", "revision": 62}}, {"pk": 172, "model": "reversion.version", "fields": {"format": "json", "object_repr": "chau", "object_id": "12", "content_type": 16, "object_id_int": 12, "serialized_data": "[{\"pk\": 12, \"model\": \"desarrollo.item\", \"fields\": {\"Tipo\": 1, \"Usuario\": 4, \"Fecha\": \"2014-06-21T06:47:12.917Z\", \"CostoTemporal\": 1, \"Version\": 2, \"CostoUnitario\": 1, \"condicion\": \"A\", \"Descripcion\": \"chau\", \"Nombre\": \"chau\", \"Estado\": \"CON\", \"Prioridad\": 1, \"Fase\": 1}}]", "revision": 62}}, {"pk": 173, "model": "reversion.version", "fields": {"format": "json", "object_repr": "Relacion object", "object_id": "12", "content_type": 18, "object_id_int": 12, "serialized_data": "[{\"pk\": 12, \"model\": \"desarrollo.relacion\", \"fields\": {\"antecesor\": null, \"estado\": \"E\", \"padre\": null, \"item\": 12}}]", "revision": 62}}, {"pk": 174, "model": "reversion.version", "fields": {"format": "json", "object_repr": "Campo object", "object_id": "23", "content_type": 17, "object_id_int": 23, "serialized_data": "[{\"pk\": 23, \"model\": \"desarrollo.campo\", \"fields\": {\"hora\": null, \"atributo\": 1, \"fecha\": null, \"precision\": null, \"tipoItem\": 1, \"cadena\": null, \"item\": 12, \"mail\": null, \"numerico\": \"1\", \"longitud\": null, \"logico\": null}}]", "revision": 62}}, {"pk": 175, "model": "reversion.version", "fields": {"format": "json", "object_repr": "Campo object", "object_id": "24", "content_type": 17, "object_id_int": 24, "serialized_data": "[{\"pk\": 24, \"model\": \"desarrollo.campo\", \"fields\": {\"hora\": null, \"atributo\": 2, \"fecha\": null, \"precision\": null, \"tipoItem\": 1, \"cadena\": null, \"item\": 12, \"mail\": null, \"numerico\": null, \"longitud\": null, \"logico\": null}}]", "revision": 63}}, {"pk": 176, "model": "reversion.version", "fields": {"format": "json", "object_repr": "chau", "object_id": "12", "content_type": 16, "object_id_int": 12, "serialized_data": "[{\"pk\": 12, \"model\": \"desarrollo.item\", \"fields\": {\"Tipo\": 1, \"Usuario\": 4, \"Fecha\": \"2014-06-21T06:47:17.145Z\", \"CostoTemporal\": 1, \"Version\": 3, \"CostoUnitario\": 1, \"condicion\": \"A\", \"Descripcion\": \"chau\", \"Nombre\": \"chau\", \"Estado\": \"CON\", \"Prioridad\": 1, \"Fase\": 1}}]", "revision": 63}}, {"pk": 177, "model": "reversion.version", "fields": {"format": "json", "object_repr": "Relacion object", "object_id": "12", "content_type": 18, "object_id_int": 12, "serialized_data": "[{\"pk\": 12, \"model\": \"desarrollo.relacion\", \"fields\": {\"antecesor\": null, \"estado\": \"E\", \"padre\": null, \"item\": 12}}]", "revision": 63}}, {"pk": 178, "model": "reversion.version", "fields": {"format": "json", "object_repr": "Campo object", "object_id": "23", "content_type": 17, "object_id_int": 23, "serialized_data": "[{\"pk\": 23, \"model\": \"desarrollo.campo\", \"fields\": {\"hora\": null, \"atributo\": 1, \"fecha\": null, \"precision\": null, \"tipoItem\": 1, \"cadena\": null, \"item\": 12, \"mail\": null, \"numerico\": null, \"longitud\": null, \"logico\": null}}]", "revision": 63}}, {"pk": 179, "model": "reversion.version", "fields": {"format": "json", "object_repr": "Relacion object", "object_id": "12", "content_type": 18, "object_id_int": 12, "serialized_data": "[{\"pk\": 12, \"model\": \"desarrollo.relacion\", \"fields\": {\"antecesor\": null, \"estado\": \"E\", \"padre\": null, \"item\": 12}}]", "revision": 64}}, {"pk": 180, "model": "reversion.version", "fields": {"format": "json", "object_repr": "chau", "object_id": "12", "content_type": 16, "object_id_int": 12, "serialized_data": "[{\"pk\": 12, \"model\": \"desarrollo.item\", \"fields\": {\"Tipo\": 1, \"Usuario\": 4, \"Fecha\": \"2014-06-21T06:47:27.701Z\", \"CostoTemporal\": 1, \"Version\": 3, \"CostoUnitario\": 1, \"condicion\": \"E\", \"Descripcion\": \"chau\", \"Nombre\": \"chau\", \"Estado\": \"CON\", \"Prioridad\": 1, \"Fase\": 1}}]", "revision": 64}}, {"pk": 181, "model": "reversion.version", "fields": {"format": "json", "object_repr": "chau", "object_id": "12", "content_type": 16, "object_id_int": 12, "serialized_data": "[{\"pk\": 12, \"model\": \"desarrollo.item\", \"fields\": {\"Tipo\": 1, \"Usuario\": 4, \"Fecha\": \"2014-06-21T06:47:32.538Z\", \"CostoTemporal\": 1, \"Version\": 4, \"CostoUnitario\": 1, \"condicion\": \"A\", \"Descripcion\": \"chau\", \"Nombre\": \"chau\", \"Estado\": \"CON\", \"Prioridad\": 1, \"Fase\": 1}}]", "revision": 65}}, {"pk": 182, "model": "reversion.version", "fields": {"format": "json", "object_repr": "Relacion object", "object_id": "12", "content_type": 18, "object_id_int": 12, "serialized_data": "[{\"pk\": 12, \"model\": \"desarrollo.relacion\", \"fields\": {\"antecesor\": null, \"estado\": \"E\", \"padre\": null, \"item\": 12}}]", "revision": 65}}, {"pk": 183, "model": "reversion.version", "fields": {"format": "json", "object_repr": "Campo object", "object_id": "24", "content_type": 17, "object_id_int": 24, "serialized_data": "[{\"pk\": 24, \"model\": \"desarrollo.campo\", \"fields\": {\"hora\": null, \"atributo\": 2, \"fecha\": null, \"precision\": null, \"tipoItem\": 1, \"cadena\": null, \"item\": 12, \"mail\": null, \"numerico\": \"1\", \"longitud\": null, \"logico\": null}}]", "revision": 66}}, {"pk": 184, "model": "reversion.version", "fields": {"format": "json", "object_repr": "chau", "object_id": "12", "content_type": 16, "object_id_int": 12, "serialized_data": "[{\"pk\": 12, \"model\": \"desarrollo.item\", \"fields\": {\"Tipo\": 1, \"Usuario\": 4, \"Fecha\": \"2014-06-21T06:48:26.929Z\", \"CostoTemporal\": 1, \"Version\": 5, \"CostoUnitario\": 1, \"condicion\": \"A\", \"Descripcion\": \"chau\", \"Nombre\": \"chau\", \"Estado\": \"CON\", \"Prioridad\": 1, \"Fase\": 1}}]", "revision": 66}}, {"pk": 185, "model": "reversion.version", "fields": {"format": "json", "object_repr": "Relacion object", "object_id": "12", "content_type": 18, "object_id_int": 12, "serialized_data": "[{\"pk\": 12, \"model\": \"desarrollo.relacion\", \"fields\": {\"antecesor\": null, \"estado\": \"E\", \"padre\": null, \"item\": 12}}]", "revision": 66}}, {"pk": 186, "model": "reversion.version", "fields": {"format": "json", "object_repr": "Campo object", "object_id": "23", "content_type": 17, "object_id_int": 23, "serialized_data": "[{\"pk\": 23, \"model\": \"desarrollo.campo\", \"fields\": {\"hora\": null, \"atributo\": 1, \"fecha\": null, \"precision\": null, \"tipoItem\": 1, \"cadena\": null, \"item\": 12, \"mail\": null, \"numerico\": \"1\", \"longitud\": null, \"logico\": null}}]", "revision": 66}}, {"pk": 187, "model": "reversion.version", "fields": {"format": "json", "object_repr": "Campo object", "object_id": "25", "content_type": 17, "object_id_int": 25, "serialized_data": "[{\"pk\": 25, \"model\": \"desarrollo.campo\", \"fields\": {\"hora\": null, \"atributo\": 1, \"fecha\": null, \"precision\": null, \"tipoItem\": 1, \"cadena\": null, \"item\": 13, \"mail\": null, \"numerico\": null, \"longitud\": null, \"logico\": null}}]", "revision": 67}}, {"pk": 188, "model": "reversion.version", "fields": {"format": "json", "object_repr": "Campo object", "object_id": "26", "content_type": 17, "object_id_int": 26, "serialized_data": "[{\"pk\": 26, \"model\": \"desarrollo.campo\", \"fields\": {\"hora\": null, \"atributo\": 2, \"fecha\": null, \"precision\": null, \"tipoItem\": 1, \"cadena\": null, \"item\": 13, \"mail\": null, \"numerico\": null, \"longitud\": null, \"logico\": null}}]", "revision": 67}}, {"pk": 189, "model": "reversion.version", "fields": {"format": "json", "object_repr": "1", "object_id": "13", "content_type": 16, "object_id_int": 13, "serialized_data": "[{\"pk\": 13, \"model\": \"desarrollo.item\", \"fields\": {\"Tipo\": 1, \"Usuario\": 4, \"Fecha\": \"2014-06-21T06:49:11.219Z\", \"CostoTemporal\": 1, \"Version\": 1, \"CostoUnitario\": 1, \"condicion\": \"A\", \"Descripcion\": \"1\", \"Nombre\": \"1\", \"Estado\": \"CON\", \"Prioridad\": 1, \"Fase\": 1}}]", "revision": 67}}, {"pk": 190, "model": "reversion.version", "fields": {"format": "json", "object_repr": "Relacion object", "object_id": "13", "content_type": 18, "object_id_int": 13, "serialized_data": "[{\"pk\": 13, \"model\": \"desarrollo.relacion\", \"fields\": {\"antecesor\": null, \"estado\": \"E\", \"padre\": null, \"item\": 13}}]", "revision": 67}}, {"pk": 191, "model": "reversion.version", "fields": {"format": "json", "object_repr": "Relacion object", "object_id": "12", "content_type": 18, "object_id_int": 12, "serialized_data": "[{\"pk\": 12, \"model\": \"desarrollo.relacion\", \"fields\": {\"antecesor\": null, \"estado\": \"E\", \"padre\": null, \"item\": 12}}]", "revision": 68}}, {"pk": 192, "model": "reversion.version", "fields": {"format": "json", "object_repr": "chau", "object_id": "12", "content_type": 16, "object_id_int": 12, "serialized_data": "[{\"pk\": 12, \"model\": \"desarrollo.item\", \"fields\": {\"Tipo\": 1, \"Usuario\": 4, \"Fecha\": \"2014-06-21T06:49:16.794Z\", \"CostoTemporal\": 1, \"Version\": 5, \"CostoUnitario\": 1, \"condicion\": \"E\", \"Descripcion\": \"chau\", \"Nombre\": \"chau\", \"Estado\": \"CON\", \"Prioridad\": 1, \"Fase\": 1}}]", "revision": 68}}, {"pk": 193, "model": "reversion.version", "fields": {"format": "json", "object_repr": "Relacion object", "object_id": "11", "content_type": 18, "object_id_int": 11, "serialized_data": "[{\"pk\": 11, \"model\": \"desarrollo.relacion\", \"fields\": {\"antecesor\": null, \"estado\": \"E\", \"padre\": null, \"item\": 11}}]", "revision": 69}}, {"pk": 194, "model": "reversion.version", "fields": {"format": "json", "object_repr": "hola", "object_id": "11", "content_type": 16, "object_id_int": 11, "serialized_data": "[{\"pk\": 11, \"model\": \"desarrollo.item\", \"fields\": {\"Tipo\": 1, \"Usuario\": 4, \"Fecha\": \"2014-06-21T06:49:19.845Z\", \"CostoTemporal\": 1, \"Version\": 4, \"CostoUnitario\": 1, \"condicion\": \"E\", \"Descripcion\": \"a\", \"Nombre\": \"hola\", \"Estado\": \"CON\", \"Prioridad\": 1, \"Fase\": 1}}]", "revision": 69}}, {"pk": 195, "model": "reversion.version", "fields": {"format": "json", "object_repr": "Campo object", "object_id": "25", "content_type": 17, "object_id_int": 25, "serialized_data": "[{\"pk\": 25, \"model\": \"desarrollo.campo\", \"fields\": {\"hora\": null, \"atributo\": 1, \"fecha\": null, \"precision\": null, \"tipoItem\": 1, \"cadena\": null, \"item\": 13, \"mail\": null, \"numerico\": \"1\", \"longitud\": null, \"logico\": null}}]", "revision": 70}}, {"pk": 196, "model": "reversion.version", "fields": {"format": "json", "object_repr": "Campo object", "object_id": "26", "content_type": 17, "object_id_int": 26, "serialized_data": "[{\"pk\": 26, \"model\": \"desarrollo.campo\", \"fields\": {\"hora\": null, \"atributo\": 2, \"fecha\": null, \"precision\": null, \"tipoItem\": 1, \"cadena\": null, \"item\": 13, \"mail\": null, \"numerico\": \"1\", \"longitud\": null, \"logico\": null}}]", "revision": 70}}, {"pk": 197, "model": "reversion.version", "fields": {"format": "json", "object_repr": "1", "object_id": "13", "content_type": 16, "object_id_int": 13, "serialized_data": "[{\"pk\": 13, \"model\": \"desarrollo.item\", \"fields\": {\"Tipo\": 1, \"Usuario\": 4, \"Fecha\": \"2014-06-21T06:49:27.950Z\", \"CostoTemporal\": 1, \"Version\": 2, \"CostoUnitario\": 1, \"condicion\": \"A\", \"Descripcion\": \"1\", \"Nombre\": \"1\", \"Estado\": \"CON\", \"Prioridad\": 1, \"Fase\": 1}}]", "revision": 70}}, {"pk": 198, "model": "reversion.version", "fields": {"format": "json", "object_repr": "Relacion object", "object_id": "13", "content_type": 18, "object_id_int": 13, "serialized_data": "[{\"pk\": 13, \"model\": \"desarrollo.relacion\", \"fields\": {\"antecesor\": null, \"estado\": \"E\", \"padre\": null, \"item\": 13}}]", "revision": 70}}, {"pk": 199, "model": "reversion.version", "fields": {"format": "json", "object_repr": "Relacion object", "object_id": "13", "content_type": 18, "object_id_int": 13, "serialized_data": "[{\"pk\": 13, \"model\": \"desarrollo.relacion\", \"fields\": {\"antecesor\": null, \"estado\": \"E\", \"padre\": null, \"item\": 13}}]", "revision": 71}}, {"pk": 200, "model": "reversion.version", "fields": {"format": "json", "object_repr": "1", "object_id": "13", "content_type": 16, "object_id_int": 13, "serialized_data": "[{\"pk\": 13, \"model\": \"desarrollo.item\", \"fields\": {\"Tipo\": 1, \"Usuario\": 4, \"Fecha\": \"2014-06-21T06:49:34.557Z\", \"CostoTemporal\": 1, \"Version\": 2, \"CostoUnitario\": 1, \"condicion\": \"E\", \"Descripcion\": \"1\", \"Nombre\": \"1\", \"Estado\": \"CON\", \"Prioridad\": 1, \"Fase\": 1}}]", "revision": 71}}, {"pk": 201, "model": "reversion.version", "fields": {"format": "json", "object_repr": "1", "object_id": "13", "content_type": 16, "object_id_int": 13, "serialized_data": "[{\"pk\": 13, \"model\": \"desarrollo.item\", \"fields\": {\"Tipo\": 1, \"Usuario\": 4, \"Fecha\": \"2014-06-21T06:49:54.343Z\", \"CostoTemporal\": 1, \"Version\": 3, \"CostoUnitario\": 1, \"condicion\": \"A\", \"Descripcion\": \"1\", \"Nombre\": \"1\", \"Estado\": \"CON\", \"Prioridad\": 1, \"Fase\": 1}}]", "revision": 72}}, {"pk": 202, "model": "reversion.version", "fields": {"format": "json", "object_repr": "Relacion object", "object_id": "13", "content_type": 18, "object_id_int": 13, "serialized_data": "[{\"pk\": 13, \"model\": \"desarrollo.relacion\", \"fields\": {\"antecesor\": null, \"estado\": \"E\", \"padre\": null, \"item\": 13}}]", "revision": 72}}, {"pk": 203, "model": "reversion.version", "fields": {"format": "json", "object_repr": "Campo object", "object_id": "25", "content_type": 17, "object_id_int": 25, "serialized_data": "[{\"pk\": 25, \"model\": \"desarrollo.campo\", \"fields\": {\"hora\": null, \"atributo\": 1, \"fecha\": null, \"precision\": null, \"tipoItem\": 1, \"cadena\": null, \"item\": 13, \"mail\": null, \"numerico\": null, \"longitud\": null, \"logico\": null}}]", "revision": 73}}, {"pk": 204, "model": "reversion.version", "fields": {"format": "json", "object_repr": "Campo object", "object_id": "26", "content_type": 17, "object_id_int": 26, "serialized_data": "[{\"pk\": 26, \"model\": \"desarrollo.campo\", \"fields\": {\"hora\": null, \"atributo\": 2, \"fecha\": null, \"precision\": null, \"tipoItem\": 1, \"cadena\": null, \"item\": 13, \"mail\": null, \"numerico\": null, \"longitud\": null, \"logico\": null}}]", "revision": 73}}, {"pk": 205, "model": "reversion.version", "fields": {"format": "json", "object_repr": "1", "object_id": "13", "content_type": 16, "object_id_int": 13, "serialized_data": "[{\"pk\": 13, \"model\": \"desarrollo.item\", \"fields\": {\"Tipo\": 1, \"Usuario\": 4, \"Fecha\": \"2014-06-21T06:50:09.405Z\", \"CostoTemporal\": 1, \"Version\": 4, \"CostoUnitario\": 1, \"condicion\": \"A\", \"Descripcion\": \"1\", \"Nombre\": \"1\", \"Estado\": \"CON\", \"Prioridad\": 1, \"Fase\": 1}}]", "revision": 73}}, {"pk": 206, "model": "reversion.version", "fields": {"format": "json", "object_repr": "Relacion object", "object_id": "13", "content_type": 18, "object_id_int": 13, "serialized_data": "[{\"pk\": 13, \"model\": \"desarrollo.relacion\", \"fields\": {\"antecesor\": null, \"estado\": \"E\", \"padre\": null, \"item\": 13}}]", "revision": 73}}, {"pk": 207, "model": "reversion.version", "fields": {"format": "json", "object_repr": "Relacion object", "object_id": "13", "content_type": 18, "object_id_int": 13, "serialized_data": "[{\"pk\": 13, \"model\": \"desarrollo.relacion\", \"fields\": {\"antecesor\": null, \"estado\": \"E\", \"padre\": null, \"item\": 13}}]", "revision": 74}}, {"pk": 208, "model": "reversion.version", "fields": {"format": "json", "object_repr": "1", "object_id": "13", "content_type": 16, "object_id_int": 13, "serialized_data": "[{\"pk\": 13, \"model\": \"desarrollo.item\", \"fields\": {\"Tipo\": 1, \"Usuario\": 4, \"Fecha\": \"2014-06-21T06:51:56.453Z\", \"CostoTemporal\": 1, \"Version\": 4, \"CostoUnitario\": 1, \"condicion\": \"E\", \"Descripcion\": \"1\", \"Nombre\": \"1\", \"Estado\": \"CON\", \"Prioridad\": 1, \"Fase\": 1}}]", "revision": 74}}, {"pk": 209, "model": "reversion.version", "fields": {"format": "json", "object_repr": "remera", "object_id": "1", "content_type": 16, "object_id_int": 1, "serialized_data": "[{\"pk\": 1, \"model\": \"desarrollo.item\", \"fields\": {\"Tipo\": 1, \"Usuario\": 4, \"Fecha\": \"2014-06-21T06:52:36.607Z\", \"CostoTemporal\": 2, \"Version\": 2, \"CostoUnitario\": 3, \"condicion\": \"A\", \"Descripcion\": \"remera\", \"Nombre\": \"remera\", \"Estado\": \"VAL\", \"Prioridad\": 1, \"Fase\": 1}}]", "revision": 75}}, {"pk": 210, "model": "reversion.version", "fields": {"format": "json", "object_repr": "pantalon", "object_id": "2", "content_type": 16, "object_id_int": 2, "serialized_data": "[{\"pk\": 2, \"model\": \"desarrollo.item\", \"fields\": {\"Tipo\": 1, \"Usuario\": 4, \"Fecha\": \"2014-06-21T06:52:36.621Z\", \"CostoTemporal\": 2, \"Version\": 4, \"CostoUnitario\": 2, \"condicion\": \"A\", \"Descripcion\": \"pantalon\", \"Nombre\": \"pantalon\", \"Estado\": \"VAL\", \"Prioridad\": 3, \"Fase\": 1}}]", "revision": 75}}, {"pk": 211, "model": "reversion.version", "fields": {"format": "json", "object_repr": "medias", "object_id": "3", "content_type": 16, "object_id_int": 3, "serialized_data": "[{\"pk\": 3, \"model\": \"desarrollo.item\", \"fields\": {\"Tipo\": 1, \"Usuario\": 4, \"Fecha\": \"2014-06-21T06:52:45.739Z\", \"CostoTemporal\": 2, \"Version\": 2, \"CostoUnitario\": 2, \"condicion\": \"A\", \"Descripcion\": \"medias\", \"Nombre\": \"medias\", \"Estado\": \"VAL\", \"Prioridad\": 2, \"Fase\": 1}}]", "revision": 76}}, {"pk": 212, "model": "reversion.version", "fields": {"format": "json", "object_repr": "Campo object", "object_id": "27", "content_type": 17, "object_id_int": 27, "serialized_data": "[{\"pk\": 27, \"model\": \"desarrollo.campo\", \"fields\": {\"hora\": null, \"atributo\": 1, \"fecha\": null, \"precision\": null, \"tipoItem\": 2, \"cadena\": null, \"item\": 14, \"mail\": null, \"numerico\": null, \"longitud\": null, \"logico\": null}}]", "revision": 77}}, {"pk": 213, "model": "reversion.version", "fields": {"format": "json", "object_repr": "Campo object", "object_id": "28", "content_type": 17, "object_id_int": 28, "serialized_data": "[{\"pk\": 28, \"model\": \"desarrollo.campo\", \"fields\": {\"hora\": null, \"atributo\": 2, \"fecha\": null, \"precision\": null, \"tipoItem\": 2, \"cadena\": null, \"item\": 14, \"mail\": null, \"numerico\": null, \"longitud\": null, \"logico\": null}}]", "revision": 77}}, {"pk": 214, "model": "reversion.version", "fields": {"format": "json", "object_repr": "uniforme", "object_id": "14", "content_type": 16, "object_id_int": 14, "serialized_data": "[{\"pk\": 14, \"model\": \"desarrollo.item\", \"fields\": {\"Tipo\": 2, \"Usuario\": 5, \"Fecha\": \"2014-06-21T06:53:37.195Z\", \"CostoTemporal\": 3, \"Version\": 1, \"CostoUnitario\": 3, \"condicion\": \"A\", \"Descripcion\": \"uniforme\", \"Nombre\": \"uniforme\", \"Estado\": \"CON\", \"Prioridad\": 3, \"Fase\": 2}}]", "revision": 77}}, {"pk": 215, "model": "reversion.version", "fields": {"format": "json", "object_repr": "Relacion object", "object_id": "14", "content_type": 18, "object_id_int": 14, "serialized_data": "[{\"pk\": 14, \"model\": \"desarrollo.relacion\", \"fields\": {\"antecesor\": null, \"estado\": \"E\", \"padre\": null, \"item\": 14}}]", "revision": 77}}, {"pk": 216, "model": "reversion.version", "fields": {"format": "json", "object_repr": "Campo object", "object_id": "27", "content_type": 17, "object_id_int": 27, "serialized_data": "[{\"pk\": 27, \"model\": \"desarrollo.campo\", \"fields\": {\"hora\": null, \"atributo\": 1, \"fecha\": null, \"precision\": null, \"tipoItem\": 2, \"cadena\": null, \"item\": 14, \"mail\": null, \"numerico\": \"30\", \"longitud\": null, \"logico\": null}}]", "revision": 78}}, {"pk": 217, "model": "reversion.version", "fields": {"format": "json", "object_repr": "Campo object", "object_id": "28", "content_type": 17, "object_id_int": 28, "serialized_data": "[{\"pk\": 28, \"model\": \"desarrollo.campo\", \"fields\": {\"hora\": null, \"atributo\": 2, \"fecha\": null, \"precision\": null, \"tipoItem\": 2, \"cadena\": null, \"item\": 14, \"mail\": null, \"numerico\": \"10000\", \"longitud\": null, \"logico\": null}}]", "revision": 78}}, {"pk": 218, "model": "reversion.version", "fields": {"format": "json", "object_repr": "uniforme", "object_id": "14", "content_type": 16, "object_id_int": 14, "serialized_data": "[{\"pk\": 14, \"model\": \"desarrollo.item\", \"fields\": {\"Tipo\": 2, \"Usuario\": 5, \"Fecha\": \"2014-06-21T06:53:46.589Z\", \"CostoTemporal\": 3, \"Version\": 2, \"CostoUnitario\": 3, \"condicion\": \"A\", \"Descripcion\": \"uniforme\", \"Nombre\": \"uniforme\", \"Estado\": \"CON\", \"Prioridad\": 3, \"Fase\": 2}}]", "revision": 78}}, {"pk": 219, "model": "reversion.version", "fields": {"format": "json", "object_repr": "Relacion object", "object_id": "14", "content_type": 18, "object_id_int": 14, "serialized_data": "[{\"pk\": 14, \"model\": \"desarrollo.relacion\", \"fields\": {\"antecesor\": null, \"estado\": \"E\", \"padre\": null, \"item\": 14}}]", "revision": 78}}, {"pk": 220, "model": "reversion.version", "fields": {"format": "json", "object_repr": "Campo object", "object_id": "27", "content_type": 17, "object_id_int": 27, "serialized_data": "[{\"pk\": 27, \"model\": \"desarrollo.campo\", \"fields\": {\"hora\": null, \"atributo\": 1, \"fecha\": null, \"precision\": null, \"tipoItem\": 2, \"cadena\": null, \"item\": 14, \"mail\": null, \"numerico\": \"30.000\", \"longitud\": null, \"logico\": null}}]", "revision": 79}}, {"pk": 221, "model": "reversion.version", "fields": {"format": "json", "object_repr": "Campo object", "object_id": "28", "content_type": 17, "object_id_int": 28, "serialized_data": "[{\"pk\": 28, \"model\": \"desarrollo.campo\", \"fields\": {\"hora\": null, \"atributo\": 2, \"fecha\": null, \"precision\": null, \"tipoItem\": 2, \"cadena\": null, \"item\": 14, \"mail\": null, \"numerico\": \"10000.000\", \"longitud\": null, \"logico\": null}}]", "revision": 79}}, {"pk": 222, "model": "reversion.version", "fields": {"format": "json", "object_repr": "Relacion object", "object_id": "14", "content_type": 18, "object_id_int": 14, "serialized_data": "[{\"pk\": 14, \"model\": \"desarrollo.relacion\", \"fields\": {\"antecesor\": 1, \"estado\": \"E\", \"padre\": null, \"item\": 14}}]", "revision": 79}}, {"pk": 223, "model": "reversion.version", "fields": {"format": "json", "object_repr": "uniforme", "object_id": "14", "content_type": 16, "object_id_int": 14, "serialized_data": "[{\"pk\": 14, \"model\": \"desarrollo.item\", \"fields\": {\"Tipo\": 2, \"Usuario\": 5, \"Fecha\": \"2014-06-21T06:54:01.196Z\", \"CostoTemporal\": 3, \"Version\": 3, \"CostoUnitario\": 3, \"condicion\": \"A\", \"Descripcion\": \"uniforme\", \"Nombre\": \"uniforme\", \"Estado\": \"CON\", \"Prioridad\": 3, \"Fase\": 2}}]", "revision": 79}}, {"pk": 224, "model": "reversion.version", "fields": {"format": "json", "object_repr": "jean", "object_id": "15", "content_type": 16, "object_id_int": 15, "serialized_data": "[{\"pk\": 15, \"model\": \"desarrollo.item\", \"fields\": {\"Tipo\": 2, \"Usuario\": 5, \"Fecha\": \"2014-06-21T06:55:13.661Z\", \"CostoTemporal\": 5, \"Version\": 1, \"CostoUnitario\": 5, \"condicion\": \"A\", \"Descripcion\": \"jean\", \"Nombre\": \"jean\", \"Estado\": \"CON\", \"Prioridad\": 5, \"Fase\": 2}}]", "revision": 80}}, {"pk": 225, "model": "reversion.version", "fields": {"format": "json", "object_repr": "Campo object", "object_id": "29", "content_type": 17, "object_id_int": 29, "serialized_data": "[{\"pk\": 29, \"model\": \"desarrollo.campo\", \"fields\": {\"hora\": null, \"atributo\": 1, \"fecha\": null, \"precision\": null, \"tipoItem\": 2, \"cadena\": null, \"item\": 15, \"mail\": null, \"numerico\": null, \"longitud\": null, \"logico\": null}}]", "revision": 80}}, {"pk": 226, "model": "reversion.version", "fields": {"format": "json", "object_repr": "Campo object", "object_id": "30", "content_type": 17, "object_id_int": 30, "serialized_data": "[{\"pk\": 30, \"model\": \"desarrollo.campo\", \"fields\": {\"hora\": null, \"atributo\": 2, \"fecha\": null, \"precision\": null, \"tipoItem\": 2, \"cadena\": null, \"item\": 15, \"mail\": null, \"numerico\": null, \"longitud\": null, \"logico\": null}}]", "revision": 80}}, {"pk": 227, "model": "reversion.version", "fields": {"format": "json", "object_repr": "Relacion object", "object_id": "15", "content_type": 18, "object_id_int": 15, "serialized_data": "[{\"pk\": 15, \"model\": \"desarrollo.relacion\", \"fields\": {\"antecesor\": null, \"estado\": \"E\", \"padre\": null, \"item\": 15}}]", "revision": 80}}, {"pk": 228, "model": "reversion.version", "fields": {"format": "json", "object_repr": "Relacion object", "object_id": "15", "content_type": 18, "object_id_int": 15, "serialized_data": "[{\"pk\": 15, \"model\": \"desarrollo.relacion\", \"fields\": {\"antecesor\": 2, \"estado\": \"E\", \"padre\": null, \"item\": 15}}]", "revision": 81}}, {"pk": 229, "model": "reversion.version", "fields": {"format": "json", "object_repr": "Campo object", "object_id": "29", "content_type": 17, "object_id_int": 29, "serialized_data": "[{\"pk\": 29, \"model\": \"desarrollo.campo\", \"fields\": {\"hora\": null, \"atributo\": 1, \"fecha\": null, \"precision\": null, \"tipoItem\": 2, \"cadena\": null, \"item\": 15, \"mail\": null, \"numerico\": null, \"longitud\": null, \"logico\": null}}]", "revision": 81}}, {"pk": 230, "model": "reversion.version", "fields": {"format": "json", "object_repr": "Campo object", "object_id": "30", "content_type": 17, "object_id_int": 30, "serialized_data": "[{\"pk\": 30, \"model\": \"desarrollo.campo\", \"fields\": {\"hora\": null, \"atributo\": 2, \"fecha\": null, \"precision\": null, \"tipoItem\": 2, \"cadena\": null, \"item\": 15, \"mail\": null, \"numerico\": null, \"longitud\": null, \"logico\": null}}]", "revision": 81}}, {"pk": 231, "model": "reversion.version", "fields": {"format": "json", "object_repr": "jean", "object_id": "15", "content_type": 16, "object_id_int": 15, "serialized_data": "[{\"pk\": 15, \"model\": \"desarrollo.item\", \"fields\": {\"Tipo\": 2, \"Usuario\": 5, \"Fecha\": \"2014-06-21T06:55:24.136Z\", \"CostoTemporal\": 5, \"Version\": 2, \"CostoUnitario\": 5, \"condicion\": \"A\", \"Descripcion\": \"jean\", \"Nombre\": \"jean\", \"Estado\": \"CON\", \"Prioridad\": 5, \"Fase\": 2}}]", "revision": 81}}, {"pk": 232, "model": "reversion.version", "fields": {"format": "json", "object_repr": "jean", "object_id": "15", "content_type": 16, "object_id_int": 15, "serialized_data": "[{\"pk\": 15, \"model\": \"desarrollo.item\", \"fields\": {\"Tipo\": 2, \"Usuario\": 5, \"Fecha\": \"2014-06-21T06:55:37.643Z\", \"CostoTemporal\": 5, \"Version\": 3, \"CostoUnitario\": 5, \"condicion\": \"A\", \"Descripcion\": \"jean\", \"Nombre\": \"jean\", \"Estado\": \"CON\", \"Prioridad\": 5, \"Fase\": 2}}]", "revision": 82}}, {"pk": 233, "model": "reversion.version", "fields": {"format": "json", "object_repr": "Campo object", "object_id": "29", "content_type": 17, "object_id_int": 29, "serialized_data": "[{\"pk\": 29, \"model\": \"desarrollo.campo\", \"fields\": {\"hora\": null, \"atributo\": 1, \"fecha\": null, \"precision\": null, \"tipoItem\": 2, \"cadena\": null, \"item\": 15, \"mail\": null, \"numerico\": \"55\", \"longitud\": null, \"logico\": null}}]", "revision": 82}}, {"pk": 234, "model": "reversion.version", "fields": {"format": "json", "object_repr": "Campo object", "object_id": "30", "content_type": 17, "object_id_int": 30, "serialized_data": "[{\"pk\": 30, \"model\": \"desarrollo.campo\", \"fields\": {\"hora\": null, \"atributo\": 2, \"fecha\": null, \"precision\": null, \"tipoItem\": 2, \"cadena\": null, \"item\": 15, \"mail\": null, \"numerico\": \"55\", \"longitud\": null, \"logico\": null}}]", "revision": 82}}, {"pk": 235, "model": "reversion.version", "fields": {"format": "json", "object_repr": "Relacion object", "object_id": "15", "content_type": 18, "object_id_int": 15, "serialized_data": "[{\"pk\": 15, \"model\": \"desarrollo.relacion\", \"fields\": {\"antecesor\": 2, \"estado\": \"E\", \"padre\": null, \"item\": 15}}]", "revision": 82}}, {"pk": 236, "model": "reversion.version", "fields": {"format": "json", "object_repr": "short", "object_id": "16", "content_type": 16, "object_id_int": 16, "serialized_data": "[{\"pk\": 16, \"model\": \"desarrollo.item\", \"fields\": {\"Tipo\": 2, \"Usuario\": 5, \"Fecha\": \"2014-06-21T06:55:47.511Z\", \"CostoTemporal\": 2, \"Version\": 1, \"CostoUnitario\": 2, \"condicion\": \"A\", \"Descripcion\": \"short\", \"Nombre\": \"short\", \"Estado\": \"CON\", \"Prioridad\": 2, \"Fase\": 2}}]", "revision": 83}}, {"pk": 237, "model": "reversion.version", "fields": {"format": "json", "object_repr": "Campo object", "object_id": "32", "content_type": 17, "object_id_int": 32, "serialized_data": "[{\"pk\": 32, \"model\": \"desarrollo.campo\", \"fields\": {\"hora\": null, \"atributo\": 2, \"fecha\": null, \"precision\": null, \"tipoItem\": 2, \"cadena\": null, \"item\": 16, \"mail\": null, \"numerico\": null, \"longitud\": null, \"logico\": null}}]", "revision": 83}}, {"pk": 238, "model": "reversion.version", "fields": {"format": "json", "object_repr": "Relacion object", "object_id": "16", "content_type": 18, "object_id_int": 16, "serialized_data": "[{\"pk\": 16, \"model\": \"desarrollo.relacion\", \"fields\": {\"antecesor\": null, \"estado\": \"E\", \"padre\": null, \"item\": 16}}]", "revision": 83}}, {"pk": 239, "model": "reversion.version", "fields": {"format": "json", "object_repr": "Campo object", "object_id": "31", "content_type": 17, "object_id_int": 31, "serialized_data": "[{\"pk\": 31, \"model\": \"desarrollo.campo\", \"fields\": {\"hora\": null, \"atributo\": 1, \"fecha\": null, \"precision\": null, \"tipoItem\": 2, \"cadena\": null, \"item\": 16, \"mail\": null, \"numerico\": null, \"longitud\": null, \"logico\": null}}]", "revision": 83}}, {"pk": 240, "model": "reversion.version", "fields": {"format": "json", "object_repr": "Relacion object", "object_id": "16", "content_type": 18, "object_id_int": 16, "serialized_data": "[{\"pk\": 16, \"model\": \"desarrollo.relacion\", \"fields\": {\"antecesor\": null, \"estado\": \"A\", \"padre\": 15, \"item\": 16}}]", "revision": 84}}, {"pk": 241, "model": "reversion.version", "fields": {"format": "json", "object_repr": "short", "object_id": "16", "content_type": 16, "object_id_int": 16, "serialized_data": "[{\"pk\": 16, \"model\": \"desarrollo.item\", \"fields\": {\"Tipo\": 2, \"Usuario\": 5, \"Fecha\": \"2014-06-21T06:55:55.811Z\", \"CostoTemporal\": 2, \"Version\": 2, \"CostoUnitario\": 2, \"condicion\": \"A\", \"Descripcion\": \"short\", \"Nombre\": \"short\", \"Estado\": \"CON\", \"Prioridad\": 2, \"Fase\": 2}}]", "revision": 84}}, {"pk": 242, "model": "reversion.version", "fields": {"format": "json", "object_repr": "Campo object", "object_id": "31", "content_type": 17, "object_id_int": 31, "serialized_data": "[{\"pk\": 31, \"model\": \"desarrollo.campo\", \"fields\": {\"hora\": null, \"atributo\": 1, \"fecha\": null, \"precision\": null, \"tipoItem\": 2, \"cadena\": null, \"item\": 16, \"mail\": null, \"numerico\": null, \"longitud\": null, \"logico\": null}}]", "revision": 84}}, {"pk": 243, "model": "reversion.version", "fields": {"format": "json", "object_repr": "Campo object", "object_id": "32", "content_type": 17, "object_id_int": 32, "serialized_data": "[{\"pk\": 32, \"model\": \"desarrollo.campo\", \"fields\": {\"hora\": null, \"atributo\": 2, \"fecha\": null, \"precision\": null, \"tipoItem\": 2, \"cadena\": null, \"item\": 16, \"mail\": null, \"numerico\": null, \"longitud\": null, \"logico\": null}}]", "revision": 84}}, {"pk": 244, "model": "reversion.version", "fields": {"format": "json", "object_repr": "camisa", "object_id": "17", "content_type": 16, "object_id_int": 17, "serialized_data": "[{\"pk\": 17, \"model\": \"desarrollo.item\", \"fields\": {\"Tipo\": 2, \"Usuario\": 5, \"Fecha\": \"2014-06-21T06:57:54.673Z\", \"CostoTemporal\": 3, \"Version\": 1, \"CostoUnitario\": 3, \"condicion\": \"A\", \"Descripcion\": \"camisa\", \"Nombre\": \"camisa\", \"Estado\": \"CON\", \"Prioridad\": 3, \"Fase\": 2}}]", "revision": 85}}, {"pk": 245, "model": "reversion.version", "fields": {"format": "json", "object_repr": "Campo object", "object_id": "34", "content_type": 17, "object_id_int": 34, "serialized_data": "[{\"pk\": 34, \"model\": \"desarrollo.campo\", \"fields\": {\"hora\": null, \"atributo\": 2, \"fecha\": null, \"precision\": null, \"tipoItem\": 2, \"cadena\": null, \"item\": 17, \"mail\": null, \"numerico\": null, \"longitud\": null, \"logico\": null}}]", "revision": 85}}, {"pk": 246, "model": "reversion.version", "fields": {"format": "json", "object_repr": "Campo object", "object_id": "33", "content_type": 17, "object_id_int": 33, "serialized_data": "[{\"pk\": 33, \"model\": \"desarrollo.campo\", \"fields\": {\"hora\": null, \"atributo\": 1, \"fecha\": null, \"precision\": null, \"tipoItem\": 2, \"cadena\": null, \"item\": 17, \"mail\": null, \"numerico\": null, \"longitud\": null, \"logico\": null}}]", "revision": 85}}, {"pk": 247, "model": "reversion.version", "fields": {"format": "json", "object_repr": "Relacion object", "object_id": "17", "content_type": 18, "object_id_int": 17, "serialized_data": "[{\"pk\": 17, \"model\": \"desarrollo.relacion\", \"fields\": {\"antecesor\": null, \"estado\": \"E\", \"padre\": null, \"item\": 17}}]", "revision": 85}}, {"pk": 248, "model": "reversion.version", "fields": {"format": "json", "object_repr": "Relacion object", "object_id": "17", "content_type": 18, "object_id_int": 17, "serialized_data": "[{\"pk\": 17, \"model\": \"desarrollo.relacion\", \"fields\": {\"antecesor\": null, \"estado\": \"A\", \"padre\": 14, \"item\": 17}}]", "revision": 86}}, {"pk": 249, "model": "reversion.version", "fields": {"format": "json", "object_repr": "Campo object", "object_id": "34", "content_type": 17, "object_id_int": 34, "serialized_data": "[{\"pk\": 34, \"model\": \"desarrollo.campo\", \"fields\": {\"hora\": null, \"atributo\": 2, \"fecha\": null, \"precision\": null, \"tipoItem\": 2, \"cadena\": null, \"item\": 17, \"mail\": null, \"numerico\": null, \"longitud\": null, \"logico\": null}}]", "revision": 86}}, {"pk": 250, "model": "reversion.version", "fields": {"format": "json", "object_repr": "camisa", "object_id": "17", "content_type": 16, "object_id_int": 17, "serialized_data": "[{\"pk\": 17, \"model\": \"desarrollo.item\", \"fields\": {\"Tipo\": 2, \"Usuario\": 5, \"Fecha\": \"2014-06-21T06:58:05.288Z\", \"CostoTemporal\": 3, \"Version\": 2, \"CostoUnitario\": 3, \"condicion\": \"A\", \"Descripcion\": \"camisa\", \"Nombre\": \"camisa\", \"Estado\": \"CON\", \"Prioridad\": 3, \"Fase\": 2}}]", "revision": 86}}, {"pk": 251, "model": "reversion.version", "fields": {"format": "json", "object_repr": "Campo object", "object_id": "33", "content_type": 17, "object_id_int": 33, "serialized_data": "[{\"pk\": 33, \"model\": \"desarrollo.campo\", \"fields\": {\"hora\": null, \"atributo\": 1, \"fecha\": null, \"precision\": null, \"tipoItem\": 2, \"cadena\": null, \"item\": 17, \"mail\": null, \"numerico\": null, \"longitud\": null, \"logico\": null}}]", "revision": 86}}, {"pk": 252, "model": "reversion.version", "fields": {"format": "json", "object_repr": "terreno", "object_id": "18", "content_type": 16, "object_id_int": 18, "serialized_data": "[{\"pk\": 18, \"model\": \"desarrollo.item\", \"fields\": {\"Tipo\": 5, \"Usuario\": 4, \"Fecha\": \"2014-06-21T07:07:31.682Z\", \"CostoTemporal\": 10, \"Version\": 1, \"CostoUnitario\": 10, \"condicion\": \"A\", \"Descripcion\": \"terreno\", \"Nombre\": \"terreno\", \"Estado\": \"CON\", \"Prioridad\": 10, \"Fase\": 6}}]", "revision": 87}}, {"pk": 253, "model": "reversion.version", "fields": {"format": "json", "object_repr": "Campo object", "object_id": "35", "content_type": 17, "object_id_int": 35, "serialized_data": "[{\"pk\": 35, \"model\": \"desarrollo.campo\", \"fields\": {\"hora\": null, \"atributo\": 3, \"fecha\": null, \"precision\": null, \"tipoItem\": 5, \"cadena\": null, \"item\": 18, \"mail\": null, \"numerico\": null, \"longitud\": null, \"logico\": null}}]", "revision": 87}}, {"pk": 254, "model": "reversion.version", "fields": {"format": "json", "object_repr": "Relacion object", "object_id": "18", "content_type": 18, "object_id_int": 18, "serialized_data": "[{\"pk\": 18, \"model\": \"desarrollo.relacion\", \"fields\": {\"antecesor\": null, \"estado\": \"E\", \"padre\": null, \"item\": 18}}]", "revision": 87}}, {"pk": 255, "model": "reversion.version", "fields": {"format": "json", "object_repr": "terreno", "object_id": "18", "content_type": 16, "object_id_int": 18, "serialized_data": "[{\"pk\": 18, \"model\": \"desarrollo.item\", \"fields\": {\"Tipo\": 5, \"Usuario\": 4, \"Fecha\": \"2014-06-21T07:07:39.140Z\", \"CostoTemporal\": 10, \"Version\": 2, \"CostoUnitario\": 10, \"condicion\": \"A\", \"Descripcion\": \"terreno\", \"Nombre\": \"terreno\", \"Estado\": \"CON\", \"Prioridad\": 10, \"Fase\": 6}}]", "revision": 88}}, {"pk": 256, "model": "reversion.version", "fields": {"format": "json", "object_repr": "Campo object", "object_id": "35", "content_type": 17, "object_id_int": 35, "serialized_data": "[{\"pk\": 35, \"model\": \"desarrollo.campo\", \"fields\": {\"hora\": null, \"atributo\": 3, \"fecha\": null, \"precision\": null, \"tipoItem\": 5, \"cadena\": null, \"item\": 18, \"mail\": null, \"numerico\": \"10\", \"longitud\": null, \"logico\": null}}]", "revision": 88}}, {"pk": 257, "model": "reversion.version", "fields": {"format": "json", "object_repr": "Relacion object", "object_id": "18", "content_type": 18, "object_id_int": 18, "serialized_data": "[{\"pk\": 18, \"model\": \"desarrollo.relacion\", \"fields\": {\"antecesor\": null, \"estado\": \"E\", \"padre\": null, \"item\": 18}}]", "revision": 88}}, {"pk": 258, "model": "reversion.version", "fields": {"format": "json", "object_repr": "arbol", "object_id": "19", "content_type": 16, "object_id_int": 19, "serialized_data": "[{\"pk\": 19, \"model\": \"desarrollo.item\", \"fields\": {\"Tipo\": 5, \"Usuario\": 4, \"Fecha\": \"2014-06-21T07:10:37.062Z\", \"CostoTemporal\": 2, \"Version\": 1, \"CostoUnitario\": 2, \"condicion\": \"A\", \"Descripcion\": \"arbol\", \"Nombre\": \"arbol\", \"Estado\": \"CON\", \"Prioridad\": 2, \"Fase\": 6}}]", "revision": 89}}, {"pk": 259, "model": "reversion.version", "fields": {"format": "json", "object_repr": "Relacion object", "object_id": "19", "content_type": 18, "object_id_int": 19, "serialized_data": "[{\"pk\": 19, \"model\": \"desarrollo.relacion\", \"fields\": {\"antecesor\": null, \"estado\": \"E\", \"padre\": null, \"item\": 19}}]", "revision": 89}}, {"pk": 260, "model": "reversion.version", "fields": {"format": "json", "object_repr": "Campo object", "object_id": "36", "content_type": 17, "object_id_int": 36, "serialized_data": "[{\"pk\": 36, \"model\": \"desarrollo.campo\", \"fields\": {\"hora\": null, \"atributo\": 3, \"fecha\": null, \"precision\": null, \"tipoItem\": 5, \"cadena\": null, \"item\": 19, \"mail\": null, \"numerico\": null, \"longitud\": null, \"logico\": null}}]", "revision": 89}}, {"pk": 261, "model": "reversion.version", "fields": {"format": "json", "object_repr": "chacra", "object_id": "20", "content_type": 16, "object_id_int": 20, "serialized_data": "[{\"pk\": 20, \"model\": \"desarrollo.item\", \"fields\": {\"Tipo\": 5, \"Usuario\": 4, \"Fecha\": \"2014-06-21T07:10:56.917Z\", \"CostoTemporal\": 6, \"Version\": 1, \"CostoUnitario\": 6, \"condicion\": \"A\", \"Descripcion\": \"chacra\", \"Nombre\": \"chacra\", \"Estado\": \"CON\", \"Prioridad\": 6, \"Fase\": 6}}]", "revision": 90}}, {"pk": 262, "model": "reversion.version", "fields": {"format": "json", "object_repr": "Relacion object", "object_id": "20", "content_type": 18, "object_id_int": 20, "serialized_data": "[{\"pk\": 20, \"model\": \"desarrollo.relacion\", \"fields\": {\"antecesor\": null, \"estado\": \"E\", \"padre\": null, \"item\": 20}}]", "revision": 90}}, {"pk": 263, "model": "reversion.version", "fields": {"format": "json", "object_repr": "Campo object", "object_id": "37", "content_type": 17, "object_id_int": 37, "serialized_data": "[{\"pk\": 37, \"model\": \"desarrollo.campo\", \"fields\": {\"hora\": null, \"atributo\": 3, \"fecha\": null, \"precision\": null, \"tipoItem\": 5, \"cadena\": null, \"item\": 20, \"mail\": null, \"numerico\": null, \"longitud\": null, \"logico\": null}}]", "revision": 90}}, {"pk": 264, "model": "reversion.version", "fields": {"format": "json", "object_repr": "arbol", "object_id": "19", "content_type": 16, "object_id_int": 19, "serialized_data": "[{\"pk\": 19, \"model\": \"desarrollo.item\", \"fields\": {\"Tipo\": 5, \"Usuario\": 4, \"Fecha\": \"2014-06-21T07:11:02.030Z\", \"CostoTemporal\": 2, \"Version\": 2, \"CostoUnitario\": 2, \"condicion\": \"A\", \"Descripcion\": \"arbol\", \"Nombre\": \"arbol\", \"Estado\": \"CON\", \"Prioridad\": 2, \"Fase\": 6}}]", "revision": 91}}, {"pk": 265, "model": "reversion.version", "fields": {"format": "json", "object_repr": "Relacion object", "object_id": "19", "content_type": 18, "object_id_int": 19, "serialized_data": "[{\"pk\": 19, \"model\": \"desarrollo.relacion\", \"fields\": {\"antecesor\": null, \"estado\": \"E\", \"padre\": null, \"item\": 19}}]", "revision": 91}}, {"pk": 266, "model": "reversion.version", "fields": {"format": "json", "object_repr": "Campo object", "object_id": "36", "content_type": 17, "object_id_int": 36, "serialized_data": "[{\"pk\": 36, \"model\": \"desarrollo.campo\", \"fields\": {\"hora\": null, \"atributo\": 3, \"fecha\": null, \"precision\": null, \"tipoItem\": 5, \"cadena\": null, \"item\": 19, \"mail\": null, \"numerico\": \"2\", \"longitud\": null, \"logico\": null}}]", "revision": 91}}, {"pk": 267, "model": "reversion.version", "fields": {"format": "json", "object_repr": "chacra", "object_id": "20", "content_type": 16, "object_id_int": 20, "serialized_data": "[{\"pk\": 20, \"model\": \"desarrollo.item\", \"fields\": {\"Tipo\": 5, \"Usuario\": 4, \"Fecha\": \"2014-06-21T07:11:08.704Z\", \"CostoTemporal\": 6, \"Version\": 2, \"CostoUnitario\": 6, \"condicion\": \"A\", \"Descripcion\": \"chacra\", \"Nombre\": \"chacra\", \"Estado\": \"CON\", \"Prioridad\": 6, \"Fase\": 6}}]", "revision": 92}}, {"pk": 268, "model": "reversion.version", "fields": {"format": "json", "object_repr": "Relacion object", "object_id": "20", "content_type": 18, "object_id_int": 20, "serialized_data": "[{\"pk\": 20, \"model\": \"desarrollo.relacion\", \"fields\": {\"antecesor\": null, \"estado\": \"E\", \"padre\": null, \"item\": 20}}]", "revision": 92}}, {"pk": 269, "model": "reversion.version", "fields": {"format": "json", "object_repr": "Campo object", "object_id": "37", "content_type": 17, "object_id_int": 37, "serialized_data": "[{\"pk\": 37, \"model\": \"desarrollo.campo\", \"fields\": {\"hora\": null, \"atributo\": 3, \"fecha\": null, \"precision\": null, \"tipoItem\": 5, \"cadena\": null, \"item\": 20, \"mail\": null, \"numerico\": \"6\", \"longitud\": null, \"logico\": null}}]", "revision": 92}}, {"pk": 270, "model": "reversion.version", "fields": {"format": "json", "object_repr": "Relacion object", "object_id": "19", "content_type": 18, "object_id_int": 19, "serialized_data": "[{\"pk\": 19, \"model\": \"desarrollo.relacion\", \"fields\": {\"antecesor\": null, \"estado\": \"A\", \"padre\": 18, \"item\": 19}}]", "revision": 93}}, {"pk": 271, "model": "reversion.version", "fields": {"format": "json", "object_repr": "arbol", "object_id": "19", "content_type": 16, "object_id_int": 19, "serialized_data": "[{\"pk\": 19, \"model\": \"desarrollo.item\", \"fields\": {\"Tipo\": 5, \"Usuario\": 4, \"Fecha\": \"2014-06-21T07:11:33.846Z\", \"CostoTemporal\": 2, \"Version\": 3, \"CostoUnitario\": 2, \"condicion\": \"A\", \"Descripcion\": \"arbol\", \"Nombre\": \"arbol\", \"Estado\": \"CON\", \"Prioridad\": 2, \"Fase\": 6}}]", "revision": 93}}, {"pk": 272, "model": "reversion.version", "fields": {"format": "json", "object_repr": "Campo object", "object_id": "36", "content_type": 17, "object_id_int": 36, "serialized_data": "[{\"pk\": 36, \"model\": \"desarrollo.campo\", \"fields\": {\"hora\": null, \"atributo\": 3, \"fecha\": null, \"precision\": null, \"tipoItem\": 5, \"cadena\": null, \"item\": 19, \"mail\": null, \"numerico\": \"2.000\", \"longitud\": null, \"logico\": null}}]", "revision": 93}}, {"pk": 273, "model": "reversion.version", "fields": {"format": "json", "object_repr": "Relacion object", "object_id": "20", "content_type": 18, "object_id_int": 20, "serialized_data": "[{\"pk\": 20, \"model\": \"desarrollo.relacion\", \"fields\": {\"antecesor\": null, \"estado\": \"A\", \"padre\": 18, \"item\": 20}}]", "revision": 94}}, {"pk": 274, "model": "reversion.version", "fields": {"format": "json", "object_repr": "chacra", "object_id": "20", "content_type": 16, "object_id_int": 20, "serialized_data": "[{\"pk\": 20, \"model\": \"desarrollo.item\", \"fields\": {\"Tipo\": 5, \"Usuario\": 4, \"Fecha\": \"2014-06-21T07:11:46.688Z\", \"CostoTemporal\": 6, \"Version\": 3, \"CostoUnitario\": 6, \"condicion\": \"A\", \"Descripcion\": \"chacra\", \"Nombre\": \"chacra\", \"Estado\": \"CON\", \"Prioridad\": 6, \"Fase\": 6}}]", "revision": 94}}, {"pk": 275, "model": "reversion.version", "fields": {"format": "json", "object_repr": "Campo object", "object_id": "37", "content_type": 17, "object_id_int": 37, "serialized_data": "[{\"pk\": 37, \"model\": \"desarrollo.campo\", \"fields\": {\"hora\": null, \"atributo\": 3, \"fecha\": null, \"precision\": null, \"tipoItem\": 5, \"cadena\": null, \"item\": 20, \"mail\": null, \"numerico\": \"6.000\", \"longitud\": null, \"logico\": null}}]", "revision": 94}}, {"pk": 276, "model": "reversion.version", "fields": {"format": "json", "object_repr": "terreno", "object_id": "18", "content_type": 16, "object_id_int": 18, "serialized_data": "[{\"pk\": 18, \"model\": \"desarrollo.item\", \"fields\": {\"Tipo\": 5, \"Usuario\": 4, \"Fecha\": \"2014-06-21T07:11:59.920Z\", \"CostoTemporal\": 10, \"Version\": 2, \"CostoUnitario\": 10, \"condicion\": \"A\", \"Descripcion\": \"terreno\", \"Nombre\": \"terreno\", \"Estado\": \"FIN\", \"Prioridad\": 10, \"Fase\": 6}}]", "revision": 95}}, {"pk": 277, "model": "reversion.version", "fields": {"format": "json", "object_repr": "terreno", "object_id": "18", "content_type": 16, "object_id_int": 18, "serialized_data": "[{\"pk\": 18, \"model\": \"desarrollo.item\", \"fields\": {\"Tipo\": 5, \"Usuario\": 4, \"Fecha\": \"2014-06-21T07:12:17.881Z\", \"CostoTemporal\": 10, \"Version\": 2, \"CostoUnitario\": 10, \"condicion\": \"A\", \"Descripcion\": \"terreno\", \"Nombre\": \"terreno\", \"Estado\": \"VAL\", \"Prioridad\": 10, \"Fase\": 6}}]", "revision": 96}}, {"pk": 278, "model": "reversion.version", "fields": {"format": "json", "object_repr": "naranjo", "object_id": "21", "content_type": 16, "object_id_int": 21, "serialized_data": "[{\"pk\": 21, \"model\": \"desarrollo.item\", \"fields\": {\"Tipo\": 6, \"Usuario\": 5, \"Fecha\": \"2014-06-21T07:13:05.505Z\", \"CostoTemporal\": 2, \"Version\": 1, \"CostoUnitario\": 2, \"condicion\": \"A\", \"Descripcion\": \"naranjo\", \"Nombre\": \"naranjo\", \"Estado\": \"CON\", \"Prioridad\": 2, \"Fase\": 7}}]", "revision": 97}}, {"pk": 279, "model": "reversion.version", "fields": {"format": "json", "object_repr": "Campo object", "object_id": "38", "content_type": 17, "object_id_int": 38, "serialized_data": "[{\"pk\": 38, \"model\": \"desarrollo.campo\", \"fields\": {\"hora\": null, \"atributo\": 3, \"fecha\": null, \"precision\": null, \"tipoItem\": 6, \"cadena\": null, \"item\": 21, \"mail\": null, \"numerico\": null, \"longitud\": null, \"logico\": null}}]", "revision": 97}}, {"pk": 280, "model": "reversion.version", "fields": {"format": "json", "object_repr": "Relacion object", "object_id": "21", "content_type": 18, "object_id_int": 21, "serialized_data": "[{\"pk\": 21, \"model\": \"desarrollo.relacion\", \"fields\": {\"antecesor\": null, \"estado\": \"E\", \"padre\": null, \"item\": 21}}]", "revision": 97}}, {"pk": 281, "model": "reversion.version", "fields": {"format": "json", "object_repr": "naranjo", "object_id": "21", "content_type": 16, "object_id_int": 21, "serialized_data": "[{\"pk\": 21, \"model\": \"desarrollo.item\", \"fields\": {\"Tipo\": 6, \"Usuario\": 5, \"Fecha\": \"2014-06-21T07:13:09.545Z\", \"CostoTemporal\": 2, \"Version\": 2, \"CostoUnitario\": 2, \"condicion\": \"A\", \"Descripcion\": \"naranjo\", \"Nombre\": \"naranjo\", \"Estado\": \"CON\", \"Prioridad\": 2, \"Fase\": 7}}]", "revision": 98}}, {"pk": 282, "model": "reversion.version", "fields": {"format": "json", "object_repr": "Campo object", "object_id": "38", "content_type": 17, "object_id_int": 38, "serialized_data": "[{\"pk\": 38, \"model\": \"desarrollo.campo\", \"fields\": {\"hora\": null, \"atributo\": 3, \"fecha\": null, \"precision\": null, \"tipoItem\": 6, \"cadena\": null, \"item\": 21, \"mail\": null, \"numerico\": \"2\", \"longitud\": null, \"logico\": null}}]", "revision": 98}}, {"pk": 283, "model": "reversion.version", "fields": {"format": "json", "object_repr": "Relacion object", "object_id": "21", "content_type": 18, "object_id_int": 21, "serialized_data": "[{\"pk\": 21, \"model\": \"desarrollo.relacion\", \"fields\": {\"antecesor\": null, \"estado\": \"E\", \"padre\": null, \"item\": 21}}]", "revision": 98}}, {"pk": 284, "model": "reversion.version", "fields": {"format": "json", "object_repr": "mango", "object_id": "22", "content_type": 16, "object_id_int": 22, "serialized_data": "[{\"pk\": 22, \"model\": \"desarrollo.item\", \"fields\": {\"Tipo\": 6, \"Usuario\": 5, \"Fecha\": \"2014-06-21T07:13:31.533Z\", \"CostoTemporal\": 3, \"Version\": 1, \"CostoUnitario\": 3, \"condicion\": \"A\", \"Descripcion\": \"mango\", \"Nombre\": \"mango\", \"Estado\": \"CON\", \"Prioridad\": 3, \"Fase\": 7}}]", "revision": 99}}, {"pk": 285, "model": "reversion.version", "fields": {"format": "json", "object_repr": "Relacion object", "object_id": "22", "content_type": 18, "object_id_int": 22, "serialized_data": "[{\"pk\": 22, \"model\": \"desarrollo.relacion\", \"fields\": {\"antecesor\": null, \"estado\": \"E\", \"padre\": null, \"item\": 22}}]", "revision": 99}}, {"pk": 286, "model": "reversion.version", "fields": {"format": "json", "object_repr": "Campo object", "object_id": "39", "content_type": 17, "object_id_int": 39, "serialized_data": "[{\"pk\": 39, \"model\": \"desarrollo.campo\", \"fields\": {\"hora\": null, \"atributo\": 3, \"fecha\": null, \"precision\": null, \"tipoItem\": 6, \"cadena\": null, \"item\": 22, \"mail\": null, \"numerico\": null, \"longitud\": null, \"logico\": null}}]", "revision": 99}}, {"pk": 287, "model": "reversion.version", "fields": {"format": "json", "object_repr": "mango", "object_id": "22", "content_type": 16, "object_id_int": 22, "serialized_data": "[{\"pk\": 22, \"model\": \"desarrollo.item\", \"fields\": {\"Tipo\": 6, \"Usuario\": 5, \"Fecha\": \"2014-06-21T07:13:39.833Z\", \"CostoTemporal\": 3, \"Version\": 2, \"CostoUnitario\": 3, \"condicion\": \"A\", \"Descripcion\": \"mango\", \"Nombre\": \"mango\", \"Estado\": \"CON\", \"Prioridad\": 3, \"Fase\": 7}}]", "revision": 100}}, {"pk": 288, "model": "reversion.version", "fields": {"format": "json", "object_repr": "Relacion object", "object_id": "22", "content_type": 18, "object_id_int": 22, "serialized_data": "[{\"pk\": 22, \"model\": \"desarrollo.relacion\", \"fields\": {\"antecesor\": null, \"estado\": \"E\", \"padre\": null, \"item\": 22}}]", "revision": 100}}, {"pk": 289, "model": "reversion.version", "fields": {"format": "json", "object_repr": "Campo object", "object_id": "39", "content_type": 17, "object_id_int": 39, "serialized_data": "[{\"pk\": 39, \"model\": \"desarrollo.campo\", \"fields\": {\"hora\": null, \"atributo\": 3, \"fecha\": null, \"precision\": null, \"tipoItem\": 6, \"cadena\": null, \"item\": 22, \"mail\": null, \"numerico\": \"3\", \"longitud\": null, \"logico\": null}}]", "revision": 100}}, {"pk": 290, "model": "reversion.version", "fields": {"format": "json", "object_repr": "Campo object", "object_id": "40", "content_type": 17, "object_id_int": 40, "serialized_data": "[{\"pk\": 40, \"model\": \"desarrollo.campo\", \"fields\": {\"hora\": null, \"atributo\": 3, \"fecha\": null, \"precision\": null, \"tipoItem\": 6, \"cadena\": null, \"item\": 23, \"mail\": null, \"numerico\": null, \"longitud\": null, \"logico\": null}}]", "revision": 101}}, {"pk": 291, "model": "reversion.version", "fields": {"format": "json", "object_repr": "verduras", "object_id": "23", "content_type": 16, "object_id_int": 23, "serialized_data": "[{\"pk\": 23, \"model\": \"desarrollo.item\", \"fields\": {\"Tipo\": 6, \"Usuario\": 5, \"Fecha\": \"2014-06-21T07:13:56.766Z\", \"CostoTemporal\": 7, \"Version\": 1, \"CostoUnitario\": 7, \"condicion\": \"A\", \"Descripcion\": \"verduras\", \"Nombre\": \"verduras\", \"Estado\": \"CON\", \"Prioridad\": 7, \"Fase\": 7}}]", "revision": 101}}, {"pk": 292, "model": "reversion.version", "fields": {"format": "json", "object_repr": "Relacion object", "object_id": "23", "content_type": 18, "object_id_int": 23, "serialized_data": "[{\"pk\": 23, \"model\": \"desarrollo.relacion\", \"fields\": {\"antecesor\": null, \"estado\": \"E\", \"padre\": null, \"item\": 23}}]", "revision": 101}}, {"pk": 293, "model": "reversion.version", "fields": {"format": "json", "object_repr": "Campo object", "object_id": "40", "content_type": 17, "object_id_int": 40, "serialized_data": "[{\"pk\": 40, \"model\": \"desarrollo.campo\", \"fields\": {\"hora\": null, \"atributo\": 3, \"fecha\": null, \"precision\": null, \"tipoItem\": 6, \"cadena\": null, \"item\": 23, \"mail\": null, \"numerico\": \"7\", \"longitud\": null, \"logico\": null}}]", "revision": 102}}, {"pk": 294, "model": "reversion.version", "fields": {"format": "json", "object_repr": "verduras", "object_id": "23", "content_type": 16, "object_id_int": 23, "serialized_data": "[{\"pk\": 23, \"model\": \"desarrollo.item\", \"fields\": {\"Tipo\": 6, \"Usuario\": 5, \"Fecha\": \"2014-06-21T07:14:01.575Z\", \"CostoTemporal\": 7, \"Version\": 2, \"CostoUnitario\": 7, \"condicion\": \"A\", \"Descripcion\": \"verduras\", \"Nombre\": \"verduras\", \"Estado\": \"CON\", \"Prioridad\": 7, \"Fase\": 7}}]", "revision": 102}}, {"pk": 295, "model": "reversion.version", "fields": {"format": "json", "object_repr": "Relacion object", "object_id": "23", "content_type": 18, "object_id_int": 23, "serialized_data": "[{\"pk\": 23, \"model\": \"desarrollo.relacion\", \"fields\": {\"antecesor\": null, \"estado\": \"E\", \"padre\": null, \"item\": 23}}]", "revision": 102}}, {"pk": 296, "model": "reversion.version", "fields": {"format": "json", "object_repr": "Campo object", "object_id": "27", "content_type": 17, "object_id_int": 27, "serialized_data": "[{\"pk\": 27, \"model\": \"desarrollo.campo\", \"fields\": {\"hora\": null, \"atributo\": 1, \"fecha\": null, \"precision\": null, \"tipoItem\": 2, \"cadena\": null, \"item\": 14, \"mail\": null, \"numerico\": \"30.000\", \"longitud\": null, \"logico\": null}}]", "revision": 103}}, {"pk": 297, "model": "reversion.version", "fields": {"format": "json", "object_repr": "Campo object", "object_id": "28", "content_type": 17, "object_id_int": 28, "serialized_data": "[{\"pk\": 28, \"model\": \"desarrollo.campo\", \"fields\": {\"hora\": null, \"atributo\": 2, \"fecha\": null, \"precision\": null, \"tipoItem\": 2, \"cadena\": null, \"item\": 14, \"mail\": null, \"numerico\": \"10000.000\", \"longitud\": null, \"logico\": null}}]", "revision": 103}}, {"pk": 298, "model": "reversion.version", "fields": {"format": "json", "object_repr": "Relacion object", "object_id": "14", "content_type": 18, "object_id_int": 14, "serialized_data": "[{\"pk\": 14, \"model\": \"desarrollo.relacion\", \"fields\": {\"antecesor\": 1, \"estado\": \"E\", \"padre\": null, \"item\": 14}}]", "revision": 103}}, {"pk": 299, "model": "reversion.version", "fields": {"format": "json", "object_repr": "uniforme", "object_id": "14", "content_type": 16, "object_id_int": 14, "serialized_data": "[{\"pk\": 14, \"model\": \"desarrollo.item\", \"fields\": {\"Tipo\": 2, \"Usuario\": 5, \"Fecha\": \"2014-06-21T07:19:36.731Z\", \"CostoTemporal\": 3, \"Version\": 4, \"CostoUnitario\": 3, \"condicion\": \"A\", \"Descripcion\": \"uniforme\", \"Nombre\": \"uniforme\", \"Estado\": \"CON\", \"Prioridad\": 3, \"Fase\": 2}}]", "revision": 103}}, {"pk": 300, "model": "reversion.version", "fields": {"format": "json", "object_repr": "Relacion object", "object_id": "14", "content_type": 18, "object_id_int": 14, "serialized_data": "[{\"pk\": 14, \"model\": \"desarrollo.relacion\", \"fields\": {\"antecesor\": null, \"estado\": \"E\", \"padre\": null, \"item\": 14}}]", "revision": 104}}, {"pk": 301, "model": "reversion.version", "fields": {"format": "json", "object_repr": "Campo object", "object_id": "27", "content_type": 17, "object_id_int": 27, "serialized_data": "[{\"pk\": 27, \"model\": \"desarrollo.campo\", \"fields\": {\"hora\": null, \"atributo\": 1, \"fecha\": null, \"precision\": null, \"tipoItem\": 2, \"cadena\": null, \"item\": 14, \"mail\": null, \"numerico\": \"30.000\", \"longitud\": null, \"logico\": null}}]", "revision": 105}}, {"pk": 302, "model": "reversion.version", "fields": {"format": "json", "object_repr": "Campo object", "object_id": "28", "content_type": 17, "object_id_int": 28, "serialized_data": "[{\"pk\": 28, \"model\": \"desarrollo.campo\", \"fields\": {\"hora\": null, \"atributo\": 2, \"fecha\": null, \"precision\": null, \"tipoItem\": 2, \"cadena\": null, \"item\": 14, \"mail\": null, \"numerico\": \"10000.000\", \"longitud\": null, \"logico\": null}}]", "revision": 105}}, {"pk": 303, "model": "reversion.version", "fields": {"format": "json", "object_repr": "Relacion object", "object_id": "14", "content_type": 18, "object_id_int": 14, "serialized_data": "[{\"pk\": 14, \"model\": \"desarrollo.relacion\", \"fields\": {\"antecesor\": 1, \"estado\": \"E\", \"padre\": null, \"item\": 14}}]", "revision": 105}}, {"pk": 304, "model": "reversion.version", "fields": {"format": "json", "object_repr": "uniforme", "object_id": "14", "content_type": 16, "object_id_int": 14, "serialized_data": "[{\"pk\": 14, \"model\": \"desarrollo.item\", \"fields\": {\"Tipo\": 2, \"Usuario\": 5, \"Fecha\": \"2014-06-21T07:19:53.507Z\", \"CostoTemporal\": 3, \"Version\": 5, \"CostoUnitario\": 3, \"condicion\": \"A\", \"Descripcion\": \"uniforme\", \"Nombre\": \"uniforme\", \"Estado\": \"CON\", \"Prioridad\": 3, \"Fase\": 2}}]", "revision": 105}}, {"pk": 305, "model": "reversion.version", "fields": {"format": "json", "object_repr": "Campo object", "object_id": "27", "content_type": 17, "object_id_int": 27, "serialized_data": "[{\"pk\": 27, \"model\": \"desarrollo.campo\", \"fields\": {\"hora\": null, \"atributo\": 1, \"fecha\": null, \"precision\": null, \"tipoItem\": 2, \"cadena\": null, \"item\": 14, \"mail\": null, \"numerico\": \"30.000\", \"longitud\": null, \"logico\": null}}]", "revision": 106}}, {"pk": 306, "model": "reversion.version", "fields": {"format": "json", "object_repr": "Campo object", "object_id": "28", "content_type": 17, "object_id_int": 28, "serialized_data": "[{\"pk\": 28, \"model\": \"desarrollo.campo\", \"fields\": {\"hora\": null, \"atributo\": 2, \"fecha\": null, \"precision\": null, \"tipoItem\": 2, \"cadena\": null, \"item\": 14, \"mail\": null, \"numerico\": \"10000.000\", \"longitud\": null, \"logico\": null}}]", "revision": 106}}, {"pk": 307, "model": "reversion.version", "fields": {"format": "json", "object_repr": "Relacion object", "object_id": "14", "content_type": 18, "object_id_int": 14, "serialized_data": "[{\"pk\": 14, \"model\": \"desarrollo.relacion\", \"fields\": {\"antecesor\": 1, \"estado\": \"A\", \"padre\": null, \"item\": 14}}]", "revision": 106}}, {"pk": 308, "model": "reversion.version", "fields": {"format": "json", "object_repr": "uniforme", "object_id": "14", "content_type": 16, "object_id_int": 14, "serialized_data": "[{\"pk\": 14, \"model\": \"desarrollo.item\", \"fields\": {\"Tipo\": 2, \"Usuario\": 5, \"Fecha\": \"2014-06-21T07:22:06.366Z\", \"CostoTemporal\": 3, \"Version\": 6, \"CostoUnitario\": 3, \"condicion\": \"A\", \"Descripcion\": \"uniforme\", \"Nombre\": \"uniforme\", \"Estado\": \"CON\", \"Prioridad\": 3, \"Fase\": 2}}]", "revision": 106}}, {"pk": 309, "model": "reversion.version", "fields": {"format": "json", "object_repr": "Relacion object", "object_id": "15", "content_type": 18, "object_id_int": 15, "serialized_data": "[{\"pk\": 15, \"model\": \"desarrollo.relacion\", \"fields\": {\"antecesor\": 2, \"estado\": \"A\", \"padre\": null, \"item\": 15}}]", "revision": 107}}, {"pk": 310, "model": "reversion.version", "fields": {"format": "json", "object_repr": "Campo object", "object_id": "29", "content_type": 17, "object_id_int": 29, "serialized_data": "[{\"pk\": 29, \"model\": \"desarrollo.campo\", \"fields\": {\"hora\": null, \"atributo\": 1, \"fecha\": null, \"precision\": null, \"tipoItem\": 2, \"cadena\": null, \"item\": 15, \"mail\": null, \"numerico\": \"55.000\", \"longitud\": null, \"logico\": null}}]", "revision": 107}}, {"pk": 311, "model": "reversion.version", "fields": {"format": "json", "object_repr": "Campo object", "object_id": "30", "content_type": 17, "object_id_int": 30, "serialized_data": "[{\"pk\": 30, \"model\": \"desarrollo.campo\", \"fields\": {\"hora\": null, \"atributo\": 2, \"fecha\": null, \"precision\": null, \"tipoItem\": 2, \"cadena\": null, \"item\": 15, \"mail\": null, \"numerico\": \"55.000\", \"longitud\": null, \"logico\": null}}]", "revision": 107}}, {"pk": 312, "model": "reversion.version", "fields": {"format": "json", "object_repr": "jean", "object_id": "15", "content_type": 16, "object_id_int": 15, "serialized_data": "[{\"pk\": 15, \"model\": \"desarrollo.item\", \"fields\": {\"Tipo\": 2, \"Usuario\": 5, \"Fecha\": \"2014-06-21T07:22:54.046Z\", \"CostoTemporal\": 5, \"Version\": 4, \"CostoUnitario\": 5, \"condicion\": \"A\", \"Descripcion\": \"jean\", \"Nombre\": \"jean\", \"Estado\": \"CON\", \"Prioridad\": 5, \"Fase\": 2}}]", "revision": 107}}, {"pk": 313, "model": "reversion.version", "fields": {"format": "json", "object_repr": "Campo object", "object_id": "27", "content_type": 17, "object_id_int": 27, "serialized_data": "[{\"pk\": 27, \"model\": \"desarrollo.campo\", \"fields\": {\"hora\": null, \"atributo\": 1, \"fecha\": null, \"precision\": null, \"tipoItem\": 2, \"cadena\": null, \"item\": 14, \"mail\": null, \"numerico\": \"30.000\", \"longitud\": null, \"logico\": null}}]", "revision": 108}}, {"pk": 314, "model": "reversion.version", "fields": {"format": "json", "object_repr": "Campo object", "object_id": "28", "content_type": 17, "object_id_int": 28, "serialized_data": "[{\"pk\": 28, \"model\": \"desarrollo.campo\", \"fields\": {\"hora\": null, \"atributo\": 2, \"fecha\": null, \"precision\": null, \"tipoItem\": 2, \"cadena\": null, \"item\": 14, \"mail\": null, \"numerico\": \"10000.000\", \"longitud\": null, \"logico\": null}}]", "revision": 108}}, {"pk": 315, "model": "reversion.version", "fields": {"format": "json", "object_repr": "Relacion object", "object_id": "14", "content_type": 18, "object_id_int": 14, "serialized_data": "[{\"pk\": 14, \"model\": \"desarrollo.relacion\", \"fields\": {\"antecesor\": 1, \"estado\": \"A\", \"padre\": null, \"item\": 14}}]", "revision": 108}}, {"pk": 316, "model": "reversion.version", "fields": {"format": "json", "object_repr": "uniforme", "object_id": "14", "content_type": 16, "object_id_int": 14, "serialized_data": "[{\"pk\": 14, \"model\": \"desarrollo.item\", \"fields\": {\"Tipo\": 2, \"Usuario\": 5, \"Fecha\": \"2014-06-21T07:23:07.809Z\", \"CostoTemporal\": 3, \"Version\": 7, \"CostoUnitario\": 3, \"condicion\": \"A\", \"Descripcion\": \"uniforme\", \"Nombre\": \"uniforme\", \"Estado\": \"CON\", \"Prioridad\": 3, \"Fase\": 2}}]", "revision": 108}}, {"pk": 317, "model": "reversion.version", "fields": {"format": "json", "object_repr": "uniforme", "object_id": "14", "content_type": 16, "object_id_int": 14, "serialized_data": "[{\"pk\": 14, \"model\": \"desarrollo.item\", \"fields\": {\"Tipo\": 2, \"Usuario\": 5, \"Fecha\": \"2014-06-21T07:23:31.742Z\", \"CostoTemporal\": 3, \"Version\": 7, \"CostoUnitario\": 3, \"condicion\": \"A\", \"Descripcion\": \"uniforme\", \"Nombre\": \"uniforme\", \"Estado\": \"FIN\", \"Prioridad\": 3, \"Fase\": 2}}]", "revision": 109}}, {"pk": 318, "model": "reversion.version", "fields": {"format": "json", "object_repr": "camisa", "object_id": "17", "content_type": 16, "object_id_int": 17, "serialized_data": "[{\"pk\": 17, \"model\": \"desarrollo.item\", \"fields\": {\"Tipo\": 2, \"Usuario\": 5, \"Fecha\": \"2014-06-21T07:23:38.218Z\", \"CostoTemporal\": 3, \"Version\": 2, \"CostoUnitario\": 3, \"condicion\": \"A\", \"Descripcion\": \"camisa\", \"Nombre\": \"camisa\", \"Estado\": \"FIN\", \"Prioridad\": 3, \"Fase\": 2}}]", "revision": 110}}, {"pk": 319, "model": "reversion.version", "fields": {"format": "json", "object_repr": "jean", "object_id": "15", "content_type": 16, "object_id_int": 15, "serialized_data": "[{\"pk\": 15, \"model\": \"desarrollo.item\", \"fields\": {\"Tipo\": 2, \"Usuario\": 5, \"Fecha\": \"2014-06-21T07:23:48.031Z\", \"CostoTemporal\": 5, \"Version\": 4, \"CostoUnitario\": 5, \"condicion\": \"A\", \"Descripcion\": \"jean\", \"Nombre\": \"jean\", \"Estado\": \"FIN\", \"Prioridad\": 5, \"Fase\": 2}}]", "revision": 111}}, {"pk": 320, "model": "reversion.version", "fields": {"format": "json", "object_repr": "short", "object_id": "16", "content_type": 16, "object_id_int": 16, "serialized_data": "[{\"pk\": 16, \"model\": \"desarrollo.item\", \"fields\": {\"Tipo\": 2, \"Usuario\": 5, \"Fecha\": \"2014-06-21T07:23:51.209Z\", \"CostoTemporal\": 2, \"Version\": 2, \"CostoUnitario\": 2, \"condicion\": \"A\", \"Descripcion\": \"short\", \"Nombre\": \"short\", \"Estado\": \"FIN\", \"Prioridad\": 2, \"Fase\": 2}}]", "revision": 112}}, {"pk": 321, "model": "reversion.version", "fields": {"format": "json", "object_repr": "short", "object_id": "16", "content_type": 16, "object_id_int": 16, "serialized_data": "[{\"pk\": 16, \"model\": \"desarrollo.item\", \"fields\": {\"Tipo\": 2, \"Usuario\": 5, \"Fecha\": \"2014-06-21T07:24:41.734Z\", \"CostoTemporal\": 2, \"Version\": 2, \"CostoUnitario\": 2, \"condicion\": \"A\", \"Descripcion\": \"short\", \"Nombre\": \"short\", \"Estado\": \"VAL\", \"Prioridad\": 2, \"Fase\": 2}}]", "revision": 113}}, {"pk": 322, "model": "reversion.version", "fields": {"format": "json", "object_repr": "camisa", "object_id": "17", "content_type": 16, "object_id_int": 17, "serialized_data": "[{\"pk\": 17, \"model\": \"desarrollo.item\", \"fields\": {\"Tipo\": 2, \"Usuario\": 5, \"Fecha\": \"2014-06-21T07:24:41.743Z\", \"CostoTemporal\": 3, \"Version\": 2, \"CostoUnitario\": 3, \"condicion\": \"A\", \"Descripcion\": \"camisa\", \"Nombre\": \"camisa\", \"Estado\": \"VAL\", \"Prioridad\": 3, \"Fase\": 2}}]", "revision": 113}}, {"pk": 323, "model": "reversion.version", "fields": {"format": "json", "object_repr": "uniforme", "object_id": "14", "content_type": 16, "object_id_int": 14, "serialized_data": "[{\"pk\": 14, \"model\": \"desarrollo.item\", \"fields\": {\"Tipo\": 2, \"Usuario\": 5, \"Fecha\": \"2014-06-21T07:24:41.746Z\", \"CostoTemporal\": 3, \"Version\": 7, \"CostoUnitario\": 3, \"condicion\": \"A\", \"Descripcion\": \"uniforme\", \"Nombre\": \"uniforme\", \"Estado\": \"VAL\", \"Prioridad\": 3, \"Fase\": 2}}]", "revision": 113}}, {"pk": 324, "model": "reversion.version", "fields": {"format": "json", "object_repr": "jean", "object_id": "15", "content_type": 16, "object_id_int": 15, "serialized_data": "[{\"pk\": 15, \"model\": \"desarrollo.item\", \"fields\": {\"Tipo\": 2, \"Usuario\": 5, \"Fecha\": \"2014-06-21T07:24:41.755Z\", \"CostoTemporal\": 5, \"Version\": 4, \"CostoUnitario\": 5, \"condicion\": \"A\", \"Descripcion\": \"jean\", \"Nombre\": \"jean\", \"Estado\": \"VAL\", \"Prioridad\": 5, \"Fase\": 2}}]", "revision": 113}}, {"pk": 325, "model": "reversion.version", "fields": {"format": "json", "object_repr": "arbol", "object_id": "19", "content_type": 16, "object_id_int": 19, "serialized_data": "[{\"pk\": 19, \"model\": \"desarrollo.item\", \"fields\": {\"Tipo\": 5, \"Usuario\": 4, \"Fecha\": \"2014-06-21T07:26:31.938Z\", \"CostoTemporal\": 2, \"Version\": 3, \"CostoUnitario\": 2, \"condicion\": \"A\", \"Descripcion\": \"arbol\", \"Nombre\": \"arbol\", \"Estado\": \"FIN\", \"Prioridad\": 2, \"Fase\": 6}}]", "revision": 114}}, {"pk": 326, "model": "reversion.version", "fields": {"format": "json", "object_repr": "chacra", "object_id": "20", "content_type": 16, "object_id_int": 20, "serialized_data": "[{\"pk\": 20, \"model\": \"desarrollo.item\", \"fields\": {\"Tipo\": 5, \"Usuario\": 4, \"Fecha\": \"2014-06-21T07:26:35.887Z\", \"CostoTemporal\": 6, \"Version\": 3, \"CostoUnitario\": 6, \"condicion\": \"A\", \"Descripcion\": \"chacra\", \"Nombre\": \"chacra\", \"Estado\": \"FIN\", \"Prioridad\": 6, \"Fase\": 6}}]", "revision": 115}}, {"pk": 327, "model": "reversion.version", "fields": {"format": "json", "object_repr": "arbol", "object_id": "19", "content_type": 16, "object_id_int": 19, "serialized_data": "[{\"pk\": 19, \"model\": \"desarrollo.item\", \"fields\": {\"Tipo\": 5, \"Usuario\": 4, \"Fecha\": \"2014-06-21T07:27:12.538Z\", \"CostoTemporal\": 2, \"Version\": 3, \"CostoUnitario\": 2, \"condicion\": \"A\", \"Descripcion\": \"arbol\", \"Nombre\": \"arbol\", \"Estado\": \"VAL\", \"Prioridad\": 2, \"Fase\": 6}}]", "revision": 116}}, {"pk": 328, "model": "reversion.version", "fields": {"format": "json", "object_repr": "chacra", "object_id": "20", "content_type": 16, "object_id_int": 20, "serialized_data": "[{\"pk\": 20, \"model\": \"desarrollo.item\", \"fields\": {\"Tipo\": 5, \"Usuario\": 4, \"Fecha\": \"2014-06-21T07:27:12.548Z\", \"CostoTemporal\": 6, \"Version\": 3, \"CostoUnitario\": 6, \"condicion\": \"A\", \"Descripcion\": \"chacra\", \"Nombre\": \"chacra\", \"Estado\": \"VAL\", \"Prioridad\": 6, \"Fase\": 6}}]", "revision": 116}}, {"pk": 329, "model": "reversion.version", "fields": {"format": "json", "object_repr": "Relacion object", "object_id": "21", "content_type": 18, "object_id_int": 21, "serialized_data": "[{\"pk\": 21, \"model\": \"desarrollo.relacion\", \"fields\": {\"antecesor\": 19, \"estado\": \"A\", \"padre\": null, \"item\": 21}}]", "revision": 117}}, {"pk": 330, "model": "reversion.version", "fields": {"format": "json", "object_repr": "Campo object", "object_id": "38", "content_type": 17, "object_id_int": 38, "serialized_data": "[{\"pk\": 38, \"model\": \"desarrollo.campo\", \"fields\": {\"hora\": null, \"atributo\": 3, \"fecha\": null, \"precision\": null, \"tipoItem\": 6, \"cadena\": null, \"item\": 21, \"mail\": null, \"numerico\": \"2.000\", \"longitud\": null, \"logico\": null}}]", "revision": 117}}, {"pk": 331, "model": "reversion.version", "fields": {"format": "json", "object_repr": "naranjo", "object_id": "21", "content_type": 16, "object_id_int": 21, "serialized_data": "[{\"pk\": 21, \"model\": \"desarrollo.item\", \"fields\": {\"Tipo\": 6, \"Usuario\": 5, \"Fecha\": \"2014-06-21T07:27:30.425Z\", \"CostoTemporal\": 2, \"Version\": 3, \"CostoUnitario\": 2, \"condicion\": \"A\", \"Descripcion\": \"naranjo\", \"Nombre\": \"naranjo\", \"Estado\": \"CON\", \"Prioridad\": 2, \"Fase\": 7}}]", "revision": 117}}, {"pk": 332, "model": "reversion.version", "fields": {"format": "json", "object_repr": "Campo object", "object_id": "40", "content_type": 17, "object_id_int": 40, "serialized_data": "[{\"pk\": 40, \"model\": \"desarrollo.campo\", \"fields\": {\"hora\": null, \"atributo\": 3, \"fecha\": null, \"precision\": null, \"tipoItem\": 6, \"cadena\": null, \"item\": 23, \"mail\": null, \"numerico\": \"7.000\", \"longitud\": null, \"logico\": null}}]", "revision": 118}}, {"pk": 333, "model": "reversion.version", "fields": {"format": "json", "object_repr": "Relacion object", "object_id": "23", "content_type": 18, "object_id_int": 23, "serialized_data": "[{\"pk\": 23, \"model\": \"desarrollo.relacion\", \"fields\": {\"antecesor\": 18, \"estado\": \"A\", \"padre\": null, \"item\": 23}}]", "revision": 118}}, {"pk": 334, "model": "reversion.version", "fields": {"format": "json", "object_repr": "verduras", "object_id": "23", "content_type": 16, "object_id_int": 23, "serialized_data": "[{\"pk\": 23, \"model\": \"desarrollo.item\", \"fields\": {\"Tipo\": 6, \"Usuario\": 5, \"Fecha\": \"2014-06-21T07:27:42.672Z\", \"CostoTemporal\": 7, \"Version\": 3, \"CostoUnitario\": 7, \"condicion\": \"A\", \"Descripcion\": \"verduras\", \"Nombre\": \"verduras\", \"Estado\": \"CON\", \"Prioridad\": 7, \"Fase\": 7}}]", "revision": 118}},


{"pk": 1, "model": "gestion.lineabase", "fields": {"Nombre": "lb1", "Fecha": "2014-06-21T06:52:36.581Z", "Fase": 1, "Items": [1, 2], "Usuario": 2}}, {"pk": 2, "model": "gestion.lineabase", "fields": {"Nombre": "lb2", "Fecha": "2014-06-21T06:52:45.709Z", "Fase": 1, "Items": [3], "Usuario": 2}}, {"pk": 3, "model": "gestion.lineabase", "fields": {"Nombre": "lb1", "Fecha": "2014-06-21T07:12:17.864Z", "Fase": 6, "Items": [18], "Usuario": 3}}, {"pk": 4, "model": "gestion.lineabase", "fields": {"Nombre": "lb fase2", "Fecha": "2014-06-21T07:24:41.701Z", "Fase": 2, "Items": [16, 17, 14, 15], "Usuario": 2}}, {"pk": 5, "model": "gestion.lineabase", "fields": {"Nombre": "linea base 1", "Fecha": "2014-06-21T07:27:12.503Z", "Fase": 6, "Items": [19, 20], "Usuario": 3}}, {"pk": 1, "model": "gestion.comitedecambio", "fields": {"Proyecto": 1, "Miembros": [4, 5, 2]}}



]
