[
{"pk": 1, "model": "auth.permission", "fields": {"codename": "add_logentry", "name": "Puede eliminar entradas del log", "content_type": 1}},
{"pk": 2, "model": "auth.permission", "fields": {"codename": "change_logentry", "name": "Puede cambiar entradas del log", "content_type": 1}},
{"pk": 3, "model": "auth.permission", "fields": {"codename": "delete_logentry", "name": "Puede eliminar entradas del log", "content_type": 1}},

{"pk": 4, "model": "auth.permission", "fields": {"codename": "add_permission", "name": "Puede agregar permisos", "content_type": 2}},
{"pk": 5, "model": "auth.permission", "fields": {"codename": "change_permission", "name": "Puede cambiar permisos", "content_type": 2}},
{"pk": 6, "model": "auth.permission", "fields": {"codename": "delete_permission", "name": "Puede eliminar permisos", "content_type": 2}},

{"pk": 7, "model": "auth.permission", "fields": {"codename": "add_group", "name": "Puede agregar rol", "content_type": 3}},
{"pk": 8, "model": "auth.permission", "fields": {"codename": "change_group", "name": "Puede cambiar rol", "content_type": 3}},
{"pk": 9, "model": "auth.permission", "fields": {"codename": "delete_group", "name": "Puede eliminar rol", "content_type": 3}},

{"pk": 10, "model": "auth.permission", "fields": {"codename": "add_user", "name": "Puede agregar usuario", "content_type": 4}},
{"pk": 11, "model": "auth.permission", "fields": {"codename": "change_user", "name": "Puede cambiar usuario", "content_type": 4}},
{"pk": 12, "model": "auth.permission", "fields": {"codename": "delete_user", "name": "Puede eliminar usuario", "content_type": 4}},

{"pk": 13, "model": "auth.permission", "fields": {"codename": "add_contenttype", "name": "Puede agregar content type", "content_type": 5}},
{"pk": 14, "model": "auth.permission", "fields": {"codename": "change_contenttype", "name": "Puede cambiar content type", "content_type": 5}},
{"pk": 15, "model": "auth.permission", "fields": {"codename": "delete_contenttype", "name": "Puede eliminar content type", "content_type": 5}},

{"pk": 16, "model": "auth.permission", "fields": {"codename": "add_session", "name": "Puede agregar sesion", "content_type": 6}},
{"pk": 17, "model": "auth.permission", "fields": {"codename": "change_session", "name": "Puede cambiar sesion", "content_type": 6}},
{"pk": 18, "model": "auth.permission", "fields": {"codename": "delete_session", "name": "Puede eliminar sesion", "content_type": 6}},

{"pk": 19, "model": "auth.permission", "fields": {"codename": "add_proyecto", "name": "Puede agregar proyecto", "content_type": 7}},
{"pk": 20, "model": "auth.permission", "fields": {"codename": "change_proyecto", "name": "Puede cambiar proyecto", "content_type": 7}},
{"pk": 21, "model": "auth.permission", "fields": {"codename": "delete_proyecto", "name": "Puede eliminar proyecto", "content_type": 7}},

{"pk": 22, "model": "auth.permission", "fields": {"codename": "add_fase", "name": "Puede agregar fase", "content_type": 8}},
{"pk": 23, "model": "auth.permission", "fields": {"codename": "change_fase", "name": "Puede cambiar fase", "content_type": 8}},
{"pk": 24, "model": "auth.permission", "fields": {"codename": "delete_fase", "name": "Puede eliminar fase", "content_type": 8}},

{"pk": 25, "model": "auth.permission", "fields": {"codename": "add_atributo", "name": "Puede agregar atributo", "content_type": 9}},
{"pk": 26, "model": "auth.permission", "fields": {"codename": "change_atributo", "name": "Puede cambiar atributo", "content_type": 9}},
{"pk": 27, "model": "auth.permission", "fields": {"codename": "delete_atributo", "name": "Puede eliminar atributo", "content_type": 9}},

{"pk": 28, "model": "auth.permission", "fields": {"codename": "add_tipodeitem", "name": "Puede agregar tipo de item", "content_type": 10}},
{"pk": 29, "model": "auth.permission", "fields": {"codename": "change_tipodeitem", "name": "Puede cambiar tipo de item", "content_type": 10}},
{"pk": 30, "model": "auth.permission", "fields": {"codename": "delete_tipodeitem", "name": "Puede eliminar tipo de item", "content_type": 10}},

{"pk": 31, "model": "auth.permission", "fields": {"codename": "consulta_user", "name": "Puede consultar usuario", "content_type": 4}},
{"pk": 32, "model": "auth.permission", "fields": {"codename": "consulta_group", "name": "Puede consultar rol", "content_type": 3}},
{"pk": 33, "model": "auth.permission", "fields": {"codename": "consulta_proyecto", "name": "Puede consultar proyecto", "content_type": 7}},
{"pk": 34, "model": "auth.permission", "fields": {"codename": "consulta_fase", "name": "Puede consultar fase", "content_type": 8}},
{"pk": 35, "model": "auth.permission", "fields": {"codename": "consulta_atributo", "name": "Puede consultar atributo", "content_type": 9}},
{"pk": 36, "model": "auth.permission", "fields": {"codename": "consulta_tipodeitem", "name": "Puede consultar tipo de item", "content_type": 10}},
{"pk": 37, "model": "auth.permission", "fields": {"codename": "acceso_desarrollo", "name": "Puede acceder al modulo de desarrollo", "content_type": 4}},

{"pk": 38, "model": "auth.permission", "fields": {"codename": "change_campo", "name": "Puede cambiar campo", "content_type": 13}},
{"pk": 39, "model": "auth.permission", "fields": {"codename": "delete_campo", "name": "Puede eliminar campo", "content_type": 13}},

{"pk": 40, "model": "auth.permission", "fields": {"codename": "add_relacion", "name": "Puede agregar relacion", "content_type": 14}},
{"pk": 41, "model": "auth.permission", "fields": {"codename": "change_relacion", "name": "Puede cambiar relacion", "content_type": 14}},
{"pk": 42, "model": "auth.permission", "fields": {"codename": "delete_relacion", "name": "Puede eliminar relacion", "content_type": 14}},

{"pk": 43, "model": "auth.permission", "fields": {"codename": "add_archivo", "name": "Puede agregar archivo", "content_type": 15}},
{"pk": 44, "model": "auth.permission", "fields": {"codename": "change_archivo", "name": "Puede cambiar archivo", "content_type": 15}},
{"pk": 45, "model": "auth.permission", "fields": {"codename": "delete_archivo", "name": "Puede eliminar archivo", "content_type": 15}},

{"pk": 46, "model": "auth.permission", "fields": {"codename": "add_revision", "name": "Puede agregar revision", "content_type": 16}},
{"pk": 47, "model": "auth.permission", "fields": {"codename": "change_revision", "name": "Puede cambiar revision", "content_type": 16}},
{"pk": 48, "model": "auth.permission", "fields": {"codename": "delete_revision", "name": "Puede eliminar revision", "content_type": 16}},

{"pk": 49, "model": "auth.permission", "fields": {"codename": "add_version", "name": "Puede agregar version", "content_type": 17}},
{"pk": 50, "model": "auth.permission", "fields": {"codename": "change_version", "name": "Puede cambiar version", "content_type": 17}},
{"pk": 51, "model": "auth.permission", "fields": {"codename": "delete_version", "name": "Puede eliminar version", "content_type": 17}},

{"pk": 52, "model": "auth.permission", "fields": {"codename": "add_lineabase", "name": "Puede agregar linea base", "content_type": 11}},
{"pk": 53, "model": "auth.permission", "fields": {"codename": "change_lineabase", "name": "Puede cambiar linea base", "content_type": 11}},
{"pk": 54, "model": "auth.permission", "fields": {"codename": "delete_lineabase", "name": "Puede eliminar linea base", "content_type": 11}},

{"pk": 55, "model": "auth.permission", "fields": {"codename": "add_comitedecambio", "name": "Puede agregar comite de cambio", "content_type": 18}},
{"pk": 56, "model": "auth.permission", "fields": {"codename": "change_comitedecambio", "name": "Puede cambiar comite de cambio", "content_type": 18}},
{"pk": 57, "model": "auth.permission", "fields": {"codename": "delete_comitedecambio", "name": "Puede agregar eliminar comite de cambio", "content_type": 18}},

{"pk": 58, "model": "auth.permission", "fields": {"codename": "add_item", "name": "Puede agregar item", "content_type": 12}},
{"pk": 59, "model": "auth.permission", "fields": {"codename": "change_item", "name": "Puede gestionar item", "content_type": 12}},
{"pk": 60, "model": "auth.permission", "fields": {"codename": "delete_item", "name": "Puede eliminar item", "content_type": 12}},

{"pk": 61, "model": "auth.permission", "fields": {"codename": "add_campo", "name": "Puede agregar campo", "content_type": 13}},

{"pk": 62, "model": "auth.permission", "fields": {"codename": "consulta_item", "name": "Puede consultar item", "content_type": 12}},
{"pk": 63, "model": "auth.permission", "fields": {"codename": "aprueba_item", "name": "Puede aprobar item", "content_type": 12}},
{"pk": 64, "model": "auth.permission", "fields": {"codename": "desaprueba_item", "name": "Puede desaprobar item", "content_type": 12}},
{"pk": 65, "model": "auth.permission", "fields": {"codename": "solicita_item", "name": "Puede solicitar cambio", "content_type": 12}},
{"pk": 66, "model": "auth.permission", "fields": {"codename": "revive_item", "name": "Puede revivir item", "content_type": 12}},
{"pk": 67, "model": "auth.permission", "fields": {"codename": "reversiona_item", "name": "Puede reversionar item", "content_type": 12}},


{"pk": 1, "model": "auth.group", "fields": {"name": "Administrador", "permissions": [10, 11, 12, 19, 20, 31, 33]}},
{"pk": 2, "model": "auth.group", "fields": {"name": "Lider de Proyecto", "permissions": [7, 8, 9, 11, 20, 21, 22, 23, 24, 25, 26, 27, 28, 29, 30, 32, 33, 34, 35, 36]}},
{"pk": 4, "model": "auth.group", "fields": {"name": "Integrante de Comite", "permissions": []}},

{"pk": 1, "model": "auth.group", "fields": {"Proyecto": null, "Fecha": null, "permissions": [19, 20, 33, 10, 11, 31, 12], "name": "Administrador", "Usuario": null}}, {"pk": 2, "model": "auth.group", "fields": {"Proyecto": null, "Fecha": null, "permissions": [25, 26, 35, 27, 22, 23, 34, 24, 20, 33, 21, 28, 29, 36, 30, 7, 8, 32, 9, 11], "name": "Lider de Proyecto", "Usuario": null}}, {"pk": 4, "model": "auth.group", "fields": {"Proyecto": null, "Fecha": null, "permissions": [], "name": "Integrante de Comite", "Usuario": null}}, {"pk": 5, "model": "auth.group", "fields": {"Proyecto": 1, "Fecha": "2014-06-07T11:05:55.907Z", "permissions": [58, 63, 59, 62, 60, 64, 67, 66, 65], "name": "Desarrollador", "Usuario": 2}}, {"pk": 6, "model": "auth.group", "fields": {"Proyecto": 1, "Fecha": "2014-06-07T11:06:07.852Z", "permissions": [62], "name": "Visitante", "Usuario": 2}},

{"pk": 1, "model": "auth.user", "fields": {"username": "admin", "first_name": "", "last_name": "", "is_active": true, "direccion": null, "is_superuser": true, "is_staff": true, "last_login": "2014-04-20T17:55:08.342Z", "groups": [1], "observacion": null, "user_permissions": [], "password": "pbkdf2_sha256$12000$AnJxwOSVgitq$SJEs+1vz7s7BTHhYyFc3j//P2GhdtWaC8L+cw/XA9so=", "telefono": null, "email": "", "date_joined": "2014-04-20T17:54:29.616Z"}}, {"pk": 2, "model": "auth.user", "fields": {"username": "lider", "first_name": "", "last_name": "", "is_active": true, "direccion": null, "is_superuser": false, "is_staff": false, "last_login": "2014-06-07T11:05:37.601Z", "groups": [2], "observacion": null, "user_permissions": [], "password": "pbkdf2_sha256$12000$dCuiKL7mrFKY$9XFhqw0+lFe07dYxav5jcx8xKG/1poly3F/88wlpKuw=", "telefono": null, "email": "", "date_joined": "2014-04-20T17:54:29.616Z"}}, {"pk": 3, "model": "auth.user", "fields": {"username": "desarrollador1", "first_name": "", "last_name": "", "is_active": true, "direccion": null, "is_superuser": false, "is_staff": false, "last_login": "2014-04-20T17:55:08.342Z", "groups": [5], "observacion": null, "user_permissions": [], "password": "pbkdf2_sha256$12000$dCuiKL7mrFKY$9XFhqw0+lFe07dYxav5jcx8xKG/1poly3F/88wlpKuw=", "telefono": null, "email": "", "date_joined": "2014-04-20T17:54:29.616Z"}}, {"pk": 4, "model": "auth.user", "fields": {"username": "desarrollador2", "first_name": "", "last_name": "", "is_active": true, "direccion": null, "is_superuser": false, "is_staff": false, "last_login": "2014-04-20T17:55:08.342Z", "groups": [5], "observacion": null, "user_permissions": [], "password": "pbkdf2_sha256$12000$dCuiKL7mrFKY$9XFhqw0+lFe07dYxav5jcx8xKG/1poly3F/88wlpKuw=", "telefono": null, "email": "", "date_joined": "2014-04-20T17:54:29.616Z"}}, {"pk": 5, "model": "auth.user", "fields": {"username": "desarrollador3", "first_name": "", "last_name": "", "is_active": true, "direccion": null, "is_superuser": false, "is_staff": false, "last_login": "2014-04-20T17:55:08.342Z", "groups": [5], "observacion": null, "user_permissions": [], "password": "pbkdf2_sha256$12000$dCuiKL7mrFKY$9XFhqw0+lFe07dYxav5jcx8xKG/1poly3F/88wlpKuw=", "telefono": null, "email": "", "date_joined": "2014-04-20T17:54:29.616Z"}}, {"pk": 6, "model": "auth.user", "fields": {"username": "desarrollador4", "first_name": "", "last_name": "", "is_active": true, "direccion": null, "is_superuser": false, "is_staff": false, "last_login": "2014-06-07T11:06:45.665Z", "groups": [6], "observacion": null, "user_permissions": [], "password": "pbkdf2_sha256$12000$dCuiKL7mrFKY$9XFhqw0+lFe07dYxav5jcx8xKG/1poly3F/88wlpKuw=", "telefono": null, "email": "", "date_joined": "2014-04-20T17:54:29.616Z"}},

{"pk": 1, "model": "administracion.proyecto", "fields": {"nFases": 3, "Lider": 2, "Fecha": "2014-06-07T09:55:25.024Z", "Usuario": 1, "Fecha_finalizacion": "2014-08-12", "Fecha_inicio": "2014-06-07", "Descripcion": "Proyecto de prueba", "Nombre": "proyecto 1", "Usuarios": [5, 3, 4, 6], "Estado": "A"}}, {"pk": 1, "model": "administracion.fase", "fields": {"Usuario": 2, "Fecha": "2014-06-07T10:33:06.267Z", "Numero": 1, "Proyecto": 1, "Descripcion": "fase 1", "Nombre": "fase 1", "Usuarios": [3], "Estado": "FIN"}}, {"pk": 2, "model": "administracion.fase", "fields": {"Usuario": 2, "Fecha": "2014-06-07T10:40:53.447Z", "Numero": 2, "Proyecto": 1, "Descripcion": "fase 2", "Nombre": "fase 2", "Usuarios": [4, 6], "Estado": "INI"}}, {"pk": 3, "model": "administracion.fase", "fields": {"Usuario": 2, "Fecha": "2014-06-07T09:55:53.884Z", "Numero": 3, "Proyecto": 1, "Descripcion": "fase 3", "Nombre": "fase 3", "Usuarios": [5], "Estado": "PEN"}}, {"pk": 1, "model": "administracion.atributo", "fields": {"Tipo": "N", "Usuario": 2, "Fecha": "2014-06-07T09:54:22.866Z", "Descripcion": "atributo numerico", "Nombre": "costo", "Fase": 1}}, {"pk": 2, "model": "administracion.atributo", "fields": {"Tipo": "C", "Usuario": 2, "Fecha": "2014-06-07T09:54:31.241Z", "Descripcion": "atributo cadena", "Nombre": "descripcion", "Fase": 1}}, {"pk": 1, "model": "administracion.tipodeitem", "fields": {"Nombre": "producto", "Fecha": "2014-06-07T09:54:41.464Z", "Fase": 1, "Atributos": [1, 2], "Usuario": 2}}, {"pk": 2, "model": "administracion.tipodeitem", "fields": {"Nombre": "producto", "Fecha": "2014-06-07T09:55:04.953Z", "Fase": 2, "Atributos": [1, 2], "Usuario": 2}}, {"pk": 3, "model": "administracion.tipodeitem", "fields": {"Nombre": "producto", "Fecha": "2014-06-07T09:55:11.851Z", "Fase": 3, "Atributos": [1, 2], "Usuario": 2}},

{"pk": 1, "model": "desarrollo.item", "fields": {"Tipo": 1, "Usuario": 3, "Fecha": "2014-06-07T10:32:55.790Z", "CostoTemporal": 10, "Version": 3, "CostoUnitario": 5, "Descripcion": "terreno para plantar arboles, verduras", "Nombre": "terreno", "Estado": "VAL", "Prioridad": 5, "Fase": 1}}, {"pk": 2, "model": "desarrollo.item", "fields": {"Tipo": 1, "Usuario": 3, "Fecha": "2014-06-07T10:32:55.822Z", "CostoTemporal": 3, "Version": 3, "CostoUnitario": 3, "Descripcion": "arbol para plantar", "Nombre": "arbol de naranjo", "Estado": "VAL", "Prioridad": 3, "Fase": 1}}, {"pk": 8, "model": "desarrollo.item", "fields": {"Tipo": 1, "Usuario": 3, "Fecha": "2014-06-07T10:32:55.850Z", "CostoTemporal": 5, "Version": 7, "CostoUnitario": 5, "Descripcion": "arbol para plantar", "Nombre": "manzano", "Estado": "VAL", "Prioridad": 5, "Fase": 1}}, {"pk": 10, "model": "desarrollo.item", "fields": {"Tipo": 1, "Usuario": 3, "Fecha": "2014-06-07T10:32:55.880Z", "CostoTemporal": 4, "Version": 3, "CostoUnitario": 4, "Descripcion": "chacra para verduras", "Nombre": "chacra", "Estado": "VAL", "Prioridad": 4, "Fase": 1}}, {"pk": 11, "model": "desarrollo.item", "fields": {"Tipo": 2, "Usuario": 4, "Fecha": "2014-06-07T10:38:48.976Z", "CostoTemporal": 2, "Version": 3, "CostoUnitario": 2, "Descripcion": "fruta", "Nombre": "naranja", "Estado": "VAL", "Prioridad": 2, "Fase": 2}}, {"pk": 12, "model": "desarrollo.item", "fields": {"Tipo": 2, "Usuario": 4, "Fecha": "2014-06-07T10:38:49.076Z", "CostoTemporal": 4, "Version": 3, "CostoUnitario": 4, "Descripcion": "fruta", "Nombre": "manzana", "Estado": "VAL", "Prioridad": 4, "Fase": 2}}, {"pk": 13, "model": "desarrollo.item", "fields": {"Tipo": 2, "Usuario": 4, "Fecha": "2014-06-07T10:37:49.256Z", "CostoTemporal": 9, "Version": 3, "CostoUnitario": 9, "Descripcion": "para plantar", "Nombre": "verduras", "Estado": "CON", "Prioridad": 9, "Fase": 2}}, {"pk": 14, "model": "desarrollo.item", "fields": {"Tipo": 2, "Usuario": 4, "Fecha": "2014-06-07T10:36:03.090Z", "CostoTemporal": 2, "Version": 3, "CostoUnitario": 2, "Descripcion": "verdura", "Nombre": "tomate", "Estado": "CON", "Prioridad": 2, "Fase": 2}}, {"pk": 15, "model": "desarrollo.item", "fields": {"Tipo": 2, "Usuario": 4, "Fecha": "2014-06-07T10:36:13.931Z", "CostoTemporal": 3, "Version": 3, "CostoUnitario": 3, "Descripcion": "3", "Nombre": "lechuga", "Estado": "CON", "Prioridad": 3, "Fase": 2}}, {"pk": 1, "model": "desarrollo.campo", "fields": {"hora": null, "atributo": 1, "fecha": null, "precision": null, "tipoItem": 1, "cadena": null, "item": 1, "mail": null, "numerico": "10000.000", "longitud": null, "logico": null}}, {"pk": 2, "model": "desarrollo.campo", "fields": {"hora": null, "atributo": 2, "fecha": null, "precision": null, "tipoItem": 1, "cadena": "terreno para plantaciones", "item": 1, "mail": null, "numerico": null, "longitud": null, "logico": null}}, {"pk": 3, "model": "desarrollo.campo", "fields": {"hora": null, "atributo": 1, "fecha": null, "precision": null, "tipoItem": 1, "cadena": null, "item": 2, "mail": null, "numerico": "5000.000", "longitud": null, "logico": null}}, {"pk": 4, "model": "desarrollo.campo", "fields": {"hora": null, "atributo": 2, "fecha": null, "precision": null, "tipoItem": 1, "cadena": "arbol", "item": 2, "mail": null, "numerico": null, "longitud": null, "logico": null}}, {"pk": 15, "model": "desarrollo.campo", "fields": {"hora": null, "atributo": 1, "fecha": null, "precision": null, "tipoItem": 1, "cadena": null, "item": 8, "mail": null, "numerico": "6000.000", "longitud": null, "logico": null}}, {"pk": 16, "model": "desarrollo.campo", "fields": {"hora": null, "atributo": 2, "fecha": null, "precision": null, "tipoItem": 1, "cadena": "arbol", "item": 8, "mail": null, "numerico": null, "longitud": null, "logico": null}}, {"pk": 19, "model": "desarrollo.campo", "fields": {"hora": null, "atributo": 1, "fecha": null, "precision": null, "tipoItem": 1, "cadena": null, "item": 10, "mail": null, "numerico": "10000.000", "longitud": null, "logico": null}}, {"pk": 20, "model": "desarrollo.campo", "fields": {"hora": null, "atributo": 2, "fecha": null, "precision": null, "tipoItem": 1, "cadena": "plantacion", "item": 10, "mail": null, "numerico": null, "longitud": null, "logico": null}}, {"pk": 21, "model": "desarrollo.campo", "fields": {"hora": null, "atributo": 1, "fecha": null, "precision": null, "tipoItem": 2, "cadena": null, "item": 11, "mail": null, "numerico": "3000.000", "longitud": null, "logico": null}}, {"pk": 22, "model": "desarrollo.campo", "fields": {"hora": null, "atributo": 2, "fecha": null, "precision": null, "tipoItem": 2, "cadena": "fruta", "item": 11, "mail": null, "numerico": null, "longitud": null, "logico": null}}, {"pk": 23, "model": "desarrollo.campo", "fields": {"hora": null, "atributo": 1, "fecha": null, "precision": null, "tipoItem": 2, "cadena": null, "item": 12, "mail": null, "numerico": "2000.000", "longitud": null, "logico": null}}, {"pk": 24, "model": "desarrollo.campo", "fields": {"hora": null, "atributo": 2, "fecha": null, "precision": null, "tipoItem": 2, "cadena": "fruta", "item": 12, "mail": null, "numerico": null, "longitud": null, "logico": null}}, {"pk": 25, "model": "desarrollo.campo", "fields": {"hora": null, "atributo": 1, "fecha": null, "precision": null, "tipoItem": 2, "cadena": null, "item": 13, "mail": null, "numerico": "5000.000", "longitud": null, "logico": null}}, {"pk": 26, "model": "desarrollo.campo", "fields": {"hora": null, "atributo": 2, "fecha": null, "precision": null, "tipoItem": 2, "cadena": "tipo", "item": 13, "mail": null, "numerico": null, "longitud": null, "logico": null}}, {"pk": 27, "model": "desarrollo.campo", "fields": {"hora": null, "atributo": 1, "fecha": null, "precision": null, "tipoItem": 2, "cadena": null, "item": 14, "mail": null, "numerico": "2000.000", "longitud": null, "logico": null}}, {"pk": 28, "model": "desarrollo.campo", "fields": {"hora": null, "atributo": 2, "fecha": null, "precision": null, "tipoItem": 2, "cadena": "verdura", "item": 14, "mail": null, "numerico": null, "longitud": null, "logico": null}}, {"pk": 29, "model": "desarrollo.campo", "fields": {"hora": null, "atributo": 1, "fecha": null, "precision": null, "tipoItem": 2, "cadena": null, "item": 15, "mail": null, "numerico": "2000.000", "longitud": null, "logico": null}}, {"pk": 30, "model": "desarrollo.campo", "fields": {"hora": null, "atributo": 2, "fecha": null, "precision": null, "tipoItem": 2, "cadena": "verdura", "item": 15, "mail": null, "numerico": null, "longitud": null, "logico": null}}, {"pk": 1, "model": "desarrollo.relacion", "fields": {"antecesor": null, "padre": null, "item": 1}}, {"pk": 2, "model": "desarrollo.relacion", "fields": {"antecesor": null, "padre": 1, "item": 2}}, {"pk": 8, "model": "desarrollo.relacion", "fields": {"antecesor": null, "padre": 1, "item": 8}}, {"pk": 10, "model": "desarrollo.relacion", "fields": {"antecesor": null, "padre": 1, "item": 10}}, {"pk": 11, "model": "desarrollo.relacion", "fields": {"antecesor": 2, "padre": null, "item": 11}}, {"pk": 12, "model": "desarrollo.relacion", "fields": {"antecesor": 8, "padre": null, "item": 12}}, {"pk": 13, "model": "desarrollo.relacion", "fields": {"antecesor": 10, "padre": null, "item": 13}}, {"pk": 14, "model": "desarrollo.relacion", "fields": {"antecesor": null, "padre": 13, "item": 14}}, {"pk": 15, "model": "desarrollo.relacion", "fields": {"antecesor": null, "padre": 13, "item": 15}},

{"pk": 1, "model": "gestion.lineabase", "fields": {"Nombre": "linea base 1", "Fecha": "2014-06-07T10:32:55.561Z", "Fase": 1, "Items": [8, 1, 2, 10], "Usuario": 2}}, {"pk": 2, "model": "gestion.lineabase", "fields": {"Nombre": "linea fruta", "Fecha": "2014-06-07T10:38:48.837Z", "Fase": 2, "Items": [11, 12], "Usuario": 2}},

{"pk": 1, "model": "reversion.revision", "fields": {"comment": "", "date_created": "2014-06-07T10:00:27.035Z", "manager_slug": "default", "user": 3}}, {"pk": 2, "model": "reversion.revision", "fields": {"comment": "", "date_created": "2014-06-07T10:01:09.940Z", "manager_slug": "default", "user": 3}}, {"pk": 3, "model": "reversion.revision", "fields": {"comment": "", "date_created": "2014-06-07T10:12:56.283Z", "manager_slug": "default", "user": 3}}, {"pk": 4, "model": "reversion.revision", "fields": {"comment": "", "date_created": "2014-06-07T10:14:44.935Z", "manager_slug": "default", "user": 3}}, {"pk": 5, "model": "reversion.revision", "fields": {"comment": "", "date_created": "2014-06-07T10:15:08.034Z", "manager_slug": "default", "user": 3}}, {"pk": 6, "model": "reversion.revision", "fields": {"comment": "", "date_created": "2014-06-07T10:15:46.250Z", "manager_slug": "default", "user": 3}}, {"pk": 7, "model": "reversion.revision", "fields": {"comment": "", "date_created": "2014-06-07T10:16:07.363Z", "manager_slug": "default", "user": 3}}, {"pk": 8, "model": "reversion.revision", "fields": {"comment": "", "date_created": "2014-06-07T10:18:16.293Z", "manager_slug": "default", "user": 3}}, {"pk": 9, "model": "reversion.revision", "fields": {"comment": "", "date_created": "2014-06-07T10:18:29.074Z", "manager_slug": "default", "user": 3}}, {"pk": 10, "model": "reversion.revision", "fields": {"comment": "", "date_created": "2014-06-07T10:18:36.835Z", "manager_slug": "default", "user": null}}, {"pk": 11, "model": "reversion.revision", "fields": {"comment": "", "date_created": "2014-06-07T10:22:48.917Z", "manager_slug": "default", "user": null}}, {"pk": 12, "model": "reversion.revision", "fields": {"comment": "", "date_created": "2014-06-07T10:22:58.195Z", "manager_slug": "default", "user": null}}, {"pk": 13, "model": "reversion.revision", "fields": {"comment": "", "date_created": "2014-06-07T10:23:03.138Z", "manager_slug": "default", "user": 3}}, {"pk": 14, "model": "reversion.revision", "fields": {"comment": "", "date_created": "2014-06-07T10:24:53.504Z", "manager_slug": "default", "user": 3}}, {"pk": 15, "model": "reversion.revision", "fields": {"comment": "", "date_created": "2014-06-07T10:25:20.090Z", "manager_slug": "default", "user": 3}}, {"pk": 16, "model": "reversion.revision", "fields": {"comment": "", "date_created": "2014-06-07T10:25:34.401Z", "manager_slug": "default", "user": null}}, {"pk": 17, "model": "reversion.revision", "fields": {"comment": "", "date_created": "2014-06-07T10:25:58.425Z", "manager_slug": "default", "user": 3}}, {"pk": 18, "model": "reversion.revision", "fields": {"comment": "", "date_created": "2014-06-07T10:26:04.771Z", "manager_slug": "default", "user": 3}}, {"pk": 19, "model": "reversion.revision", "fields": {"comment": "", "date_created": "2014-06-07T10:29:45.958Z", "manager_slug": "default", "user": 3}}, {"pk": 20, "model": "reversion.revision", "fields": {"comment": "", "date_created": "2014-06-07T10:30:01.689Z", "manager_slug": "default", "user": 3}}, {"pk": 21, "model": "reversion.revision", "fields": {"comment": "", "date_created": "2014-06-07T10:30:54.287Z", "manager_slug": "default", "user": 3}}, {"pk": 22, "model": "reversion.revision", "fields": {"comment": "", "date_created": "2014-06-07T10:31:08.939Z", "manager_slug": "default", "user": 3}}, {"pk": 23, "model": "reversion.revision", "fields": {"comment": "", "date_created": "2014-06-07T10:31:26.854Z", "manager_slug": "default", "user": null}}, {"pk": 24, "model": "reversion.revision", "fields": {"comment": "", "date_created": "2014-06-07T10:31:43.179Z", "manager_slug": "default", "user": 3}}, {"pk": 25, "model": "reversion.revision", "fields": {"comment": "", "date_created": "2014-06-07T10:31:46.339Z", "manager_slug": "default", "user": 3}}, {"pk": 26, "model": "reversion.revision", "fields": {"comment": "", "date_created": "2014-06-07T10:32:55.960Z", "manager_slug": "default", "user": 2}}, {"pk": 27, "model": "reversion.revision", "fields": {"comment": "", "date_created": "2014-06-07T10:33:39.099Z", "manager_slug": "default", "user": 4}}, {"pk": 28, "model": "reversion.revision", "fields": {"comment": "", "date_created": "2014-06-07T10:33:48.521Z", "manager_slug": "default", "user": null}}, {"pk": 29, "model": "reversion.revision", "fields": {"comment": "", "date_created": "2014-06-07T10:34:11.561Z", "manager_slug": "default", "user": 4}}, {"pk": 30, "model": "reversion.revision", "fields": {"comment": "", "date_created": "2014-06-07T10:34:19.219Z", "manager_slug": "default", "user": null}}, {"pk": 31, "model": "reversion.revision", "fields": {"comment": "", "date_created": "2014-06-07T10:34:40.848Z", "manager_slug": "default", "user": 4}}, {"pk": 32, "model": "reversion.revision", "fields": {"comment": "", "date_created": "2014-06-07T10:34:46.459Z", "manager_slug": "default", "user": null}}, {"pk": 33, "model": "reversion.revision", "fields": {"comment": "", "date_created": "2014-06-07T10:34:59.644Z", "manager_slug": "default", "user": 4}}, {"pk": 34, "model": "reversion.revision", "fields": {"comment": "", "date_created": "2014-06-07T10:35:07.186Z", "manager_slug": "default", "user": 4}}, {"pk": 35, "model": "reversion.revision", "fields": {"comment": "", "date_created": "2014-06-07T10:35:15.401Z", "manager_slug": "default", "user": null}}, {"pk": 36, "model": "reversion.revision", "fields": {"comment": "", "date_created": "2014-06-07T10:35:23.911Z", "manager_slug": "default", "user": null}}, {"pk": 37, "model": "reversion.revision", "fields": {"comment": "", "date_created": "2014-06-07T10:35:35.904Z", "manager_slug": "default", "user": 4}}, {"pk": 38, "model": "reversion.revision", "fields": {"comment": "", "date_created": "2014-06-07T10:35:44.148Z", "manager_slug": "default", "user": 4}}, {"pk": 39, "model": "reversion.revision", "fields": {"comment": "", "date_created": "2014-06-07T10:35:54.708Z", "manager_slug": "default", "user": 4}}, {"pk": 40, "model": "reversion.revision", "fields": {"comment": "", "date_created": "2014-06-07T10:36:03.399Z", "manager_slug": "default", "user": 4}}, {"pk": 41, "model": "reversion.revision", "fields": {"comment": "", "date_created": "2014-06-07T10:36:14.259Z", "manager_slug": "default", "user": 4}}, {"pk": 42, "model": "reversion.revision", "fields": {"comment": "", "date_created": "2014-06-07T10:37:40.206Z", "manager_slug": "default", "user": 4}}, {"pk": 43, "model": "reversion.revision", "fields": {"comment": "", "date_created": "2014-06-07T10:37:43.173Z", "manager_slug": "default", "user": 4}}, {"pk": 44, "model": "reversion.revision", "fields": {"comment": "", "date_created": "2014-06-07T10:37:45.945Z", "manager_slug": "default", "user": 4}}, {"pk": 45, "model": "reversion.revision", "fields": {"comment": "", "date_created": "2014-06-07T10:37:49.583Z", "manager_slug": "default", "user": 4}}, {"pk": 46, "model": "reversion.revision", "fields": {"comment": "", "date_created": "2014-06-07T10:38:49.221Z", "manager_slug": "default", "user": 2}}, {"pk": 1, "model": "reversion.version", "fields": {"format": "json", "object_repr": "terreno", "object_id": "1", "content_type": 16, "object_id_int": 1, "serialized_data": "[{\"pk\": 1, \"model\": \"desarrollo.item\", \"fields\": {\"Tipo\": 1, \"Usuario\": 3, \"Fecha\": \"2014-06-07T10:00:26.486Z\", \"CostoTemporal\": 10, \"Version\": 1, \"CostoUnitario\": 5, \"Descripcion\": \"terreno para plantar arboles, verduras\", \"Nombre\": \"terreno\", \"Estado\": \"CON\", \"Prioridad\": 5, \"Fase\": 1}}]", "revision": 1}}, {"pk": 2, "model": "reversion.version", "fields": {"format": "json", "object_repr": "Campo object", "object_id": "2", "content_type": 17, "object_id_int": 2, "serialized_data": "[{\"pk\": 2, \"model\": \"desarrollo.campo\", \"fields\": {\"hora\": null, \"atributo\": 2, \"fecha\": null, \"precision\": null, \"tipoItem\": 1, \"cadena\": null, \"item\": 1, \"mail\": null, \"numerico\": null, \"longitud\": null, \"logico\": null}}]", "revision": 1}}, {"pk": 3, "model": "reversion.version", "fields": {"format": "json", "object_repr": "Campo object", "object_id": "1", "content_type": 17, "object_id_int": 1, "serialized_data": "[{\"pk\": 1, \"model\": \"desarrollo.campo\", \"fields\": {\"hora\": null, \"atributo\": 1, \"fecha\": null, \"precision\": null, \"tipoItem\": 1, \"cadena\": null, \"item\": 1, \"mail\": null, \"numerico\": null, \"longitud\": null, \"logico\": null}}]", "revision": 1}}, {"pk": 4, "model": "reversion.version", "fields": {"format": "json", "object_repr": "Relacion object", "object_id": "1", "content_type": 18, "object_id_int": 1, "serialized_data": "[{\"pk\": 1, \"model\": \"desarrollo.relacion\", \"fields\": {\"antecesor\": null, \"padre\": null, \"item\": 1}}]", "revision": 1}}, {"pk": 5, "model": "reversion.version", "fields": {"format": "json", "object_repr": "arbol de naranjo", "object_id": "2", "content_type": 16, "object_id_int": 2, "serialized_data": "[{\"pk\": 2, \"model\": \"desarrollo.item\", \"fields\": {\"Tipo\": 1, \"Usuario\": 3, \"Fecha\": \"2014-06-07T10:01:09.550Z\", \"CostoTemporal\": 3, \"Version\": 1, \"CostoUnitario\": 3, \"Descripcion\": \"arbol para plantar\", \"Nombre\": \"arbol de naranjo\", \"Estado\": \"CON\", \"Prioridad\": 3, \"Fase\": 1}}]", "revision": 2}}, {"pk": 6, "model": "reversion.version", "fields": {"format": "json", "object_repr": "Campo object", "object_id": "3", "content_type": 17, "object_id_int": 3, "serialized_data": "[{\"pk\": 3, \"model\": \"desarrollo.campo\", \"fields\": {\"hora\": null, \"atributo\": 1, \"fecha\": null, \"precision\": null, \"tipoItem\": 1, \"cadena\": null, \"item\": 2, \"mail\": null, \"numerico\": null, \"longitud\": null, \"logico\": null}}]", "revision": 2}}, {"pk": 7, "model": "reversion.version", "fields": {"format": "json", "object_repr": "Campo object", "object_id": "4", "content_type": 17, "object_id_int": 4, "serialized_data": "[{\"pk\": 4, \"model\": \"desarrollo.campo\", \"fields\": {\"hora\": null, \"atributo\": 2, \"fecha\": null, \"precision\": null, \"tipoItem\": 1, \"cadena\": null, \"item\": 2, \"mail\": null, \"numerico\": null, \"longitud\": null, \"logico\": null}}]", "revision": 2}}, {"pk": 8, "model": "reversion.version", "fields": {"format": "json", "object_repr": "Relacion object", "object_id": "2", "content_type": 18, "object_id_int": 2, "serialized_data": "[{\"pk\": 2, \"model\": \"desarrollo.relacion\", \"fields\": {\"antecesor\": null, \"padre\": null, \"item\": 2}}]", "revision": 2}}, {"pk": 9, "model": "reversion.version", "fields": {"format": "json", "object_repr": "Campo object", "object_id": "9", "content_type": 17, "object_id_int": 9, "serialized_data": "[{\"pk\": 9, \"model\": \"desarrollo.campo\", \"fields\": {\"hora\": null, \"atributo\": 1, \"fecha\": null, \"precision\": null, \"tipoItem\": 1, \"cadena\": null, \"item\": 5, \"mail\": null, \"numerico\": null, \"longitud\": null, \"logico\": null}}]", "revision": 3}}, {"pk": 10, "model": "reversion.version", "fields": {"format": "json", "object_repr": "Campo object", "object_id": "10", "content_type": 17, "object_id_int": 10, "serialized_data": "[{\"pk\": 10, \"model\": \"desarrollo.campo\", \"fields\": {\"hora\": null, \"atributo\": 2, \"fecha\": null, \"precision\": null, \"tipoItem\": 1, \"cadena\": null, \"item\": 5, \"mail\": null, \"numerico\": null, \"longitud\": null, \"logico\": null}}]", "revision": 3}}, {"pk": 11, "model": "reversion.version", "fields": {"format": "json", "object_repr": "prueba", "object_id": "5", "content_type": 16, "object_id_int": 5, "serialized_data": "[{\"pk\": 5, \"model\": \"desarrollo.item\", \"fields\": {\"Tipo\": 1, \"Usuario\": 3, \"Fecha\": \"2014-06-07T10:12:55.761Z\", \"CostoTemporal\": 1, \"Version\": 1, \"CostoUnitario\": 1, \"Descripcion\": \"prueba\", \"Nombre\": \"prueba\", \"Estado\": \"CON\", \"Prioridad\": 1, \"Fase\": 1}}]", "revision": 3}}, {"pk": 12, "model": "reversion.version", "fields": {"format": "json", "object_repr": "Relacion object", "object_id": "5", "content_type": 18, "object_id_int": 5, "serialized_data": "[{\"pk\": 5, \"model\": \"desarrollo.relacion\", \"fields\": {\"antecesor\": null, \"padre\": null, \"item\": 5}}]", "revision": 3}}, {"pk": 13, "model": "reversion.version", "fields": {"format": "json", "object_repr": "Campo object", "object_id": "11", "content_type": 17, "object_id_int": 11, "serialized_data": "[{\"pk\": 11, \"model\": \"desarrollo.campo\", \"fields\": {\"hora\": null, \"atributo\": 1, \"fecha\": null, \"precision\": null, \"tipoItem\": 1, \"cadena\": null, \"item\": 6, \"mail\": null, \"numerico\": null, \"longitud\": null, \"logico\": null}}]", "revision": 4}}, {"pk": 14, "model": "reversion.version", "fields": {"format": "json", "object_repr": "Campo object", "object_id": "12", "content_type": 17, "object_id_int": 12, "serialized_data": "[{\"pk\": 12, \"model\": \"desarrollo.campo\", \"fields\": {\"hora\": null, \"atributo\": 2, \"fecha\": null, \"precision\": null, \"tipoItem\": 1, \"cadena\": null, \"item\": 6, \"mail\": null, \"numerico\": null, \"longitud\": null, \"logico\": null}}]", "revision": 4}}, {"pk": 15, "model": "reversion.version", "fields": {"format": "json", "object_repr": "prueba2", "object_id": "6", "content_type": 16, "object_id_int": 6, "serialized_data": "[{\"pk\": 6, \"model\": \"desarrollo.item\", \"fields\": {\"Tipo\": 1, \"Usuario\": 3, \"Fecha\": \"2014-06-07T10:14:44.415Z\", \"CostoTemporal\": 1, \"Version\": 1, \"CostoUnitario\": 1, \"Descripcion\": \"hola\", \"Nombre\": \"prueba2\", \"Estado\": \"CON\", \"Prioridad\": 1, \"Fase\": 1}}]", "revision": 4}}, {"pk": 16, "model": "reversion.version", "fields": {"format": "json", "object_repr": "Relacion object", "object_id": "6", "content_type": 18, "object_id_int": 6, "serialized_data": "[{\"pk\": 6, \"model\": \"desarrollo.relacion\", \"fields\": {\"antecesor\": null, \"padre\": null, \"item\": 6}}]", "revision": 4}}, {"pk": 17, "model": "reversion.version", "fields": {"format": "json", "object_repr": "hola", "object_id": "7", "content_type": 16, "object_id_int": 7, "serialized_data": "[{\"pk\": 7, \"model\": \"desarrollo.item\", \"fields\": {\"Tipo\": 1, \"Usuario\": 3, \"Fecha\": \"2014-06-07T10:15:07.551Z\", \"CostoTemporal\": 1, \"Version\": 1, \"CostoUnitario\": 1, \"Descripcion\": \"hola\", \"Nombre\": \"hola\", \"Estado\": \"CON\", \"Prioridad\": 1, \"Fase\": 1}}]", "revision": 5}}, {"pk": 18, "model": "reversion.version", "fields": {"format": "json", "object_repr": "Campo object", "object_id": "13", "content_type": 17, "object_id_int": 13, "serialized_data": "[{\"pk\": 13, \"model\": \"desarrollo.campo\", \"fields\": {\"hora\": null, \"atributo\": 1, \"fecha\": null, \"precision\": null, \"tipoItem\": 1, \"cadena\": null, \"item\": 7, \"mail\": null, \"numerico\": null, \"longitud\": null, \"logico\": null}}]", "revision": 5}}, {"pk": 19, "model": "reversion.version", "fields": {"format": "json", "object_repr": "Campo object", "object_id": "14", "content_type": 17, "object_id_int": 14, "serialized_data": "[{\"pk\": 14, \"model\": \"desarrollo.campo\", \"fields\": {\"hora\": null, \"atributo\": 2, \"fecha\": null, \"precision\": null, \"tipoItem\": 1, \"cadena\": null, \"item\": 7, \"mail\": null, \"numerico\": null, \"longitud\": null, \"logico\": null}}]", "revision": 5}}, {"pk": 20, "model": "reversion.version", "fields": {"format": "json", "object_repr": "Relacion object", "object_id": "7", "content_type": 18, "object_id_int": 7, "serialized_data": "[{\"pk\": 7, \"model\": \"desarrollo.relacion\", \"fields\": {\"antecesor\": null, \"padre\": null, \"item\": 7}}]", "revision": 5}}, {"pk": 21, "model": "reversion.version", "fields": {"format": "json", "object_repr": "manzano", "object_id": "8", "content_type": 16, "object_id_int": 8, "serialized_data": "[{\"pk\": 8, \"model\": \"desarrollo.item\", \"fields\": {\"Tipo\": 1, \"Usuario\": 3, \"Fecha\": \"2014-06-07T10:15:45.507Z\", \"CostoTemporal\": 5, \"Version\": 1, \"CostoUnitario\": 5, \"Descripcion\": \"arbol para plantar\", \"Nombre\": \"manzano\", \"Estado\": \"CON\", \"Prioridad\": 5, \"Fase\": 1}}]", "revision": 6}}, {"pk": 22, "model": "reversion.version", "fields": {"format": "json", "object_repr": "Campo object", "object_id": "16", "content_type": 17, "object_id_int": 16, "serialized_data": "[{\"pk\": 16, \"model\": \"desarrollo.campo\", \"fields\": {\"hora\": null, \"atributo\": 2, \"fecha\": null, \"precision\": null, \"tipoItem\": 1, \"cadena\": null, \"item\": 8, \"mail\": null, \"numerico\": null, \"longitud\": null, \"logico\": null}}]", "revision": 6}}, {"pk": 23, "model": "reversion.version", "fields": {"format": "json", "object_repr": "Relacion object", "object_id": "8", "content_type": 18, "object_id_int": 8, "serialized_data": "[{\"pk\": 8, \"model\": \"desarrollo.relacion\", \"fields\": {\"antecesor\": null, \"padre\": null, \"item\": 8}}]", "revision": 6}}, {"pk": 24, "model": "reversion.version", "fields": {"format": "json", "object_repr": "Campo object", "object_id": "15", "content_type": 17, "object_id_int": 15, "serialized_data": "[{\"pk\": 15, \"model\": \"desarrollo.campo\", \"fields\": {\"hora\": null, \"atributo\": 1, \"fecha\": null, \"precision\": null, \"tipoItem\": 1, \"cadena\": null, \"item\": 8, \"mail\": null, \"numerico\": null, \"longitud\": null, \"logico\": null}}]", "revision": 6}}, {"pk": 25, "model": "reversion.version", "fields": {"format": "json", "object_repr": "Campo object", "object_id": "1", "content_type": 17, "object_id_int": 1, "serialized_data": "[{\"pk\": 1, \"model\": \"desarrollo.campo\", \"fields\": {\"hora\": null, \"atributo\": 1, \"fecha\": null, \"precision\": null, \"tipoItem\": 1, \"cadena\": null, \"item\": 1, \"mail\": null, \"numerico\": \"10000\", \"longitud\": null, \"logico\": null}}]", "revision": 7}}, {"pk": 26, "model": "reversion.version", "fields": {"format": "json", "object_repr": "Campo object", "object_id": "2", "content_type": 17, "object_id_int": 2, "serialized_data": "[{\"pk\": 2, \"model\": \"desarrollo.campo\", \"fields\": {\"hora\": null, \"atributo\": 2, \"fecha\": null, \"precision\": null, \"tipoItem\": 1, \"cadena\": \"arbol para plantar en el terreno\", \"item\": 1, \"mail\": null, \"numerico\": null, \"longitud\": null, \"logico\": null}}]", "revision": 7}}, {"pk": 27, "model": "reversion.version", "fields": {"format": "json", "object_repr": "terreno", "object_id": "1", "content_type": 16, "object_id_int": 1, "serialized_data": "[{\"pk\": 1, \"model\": \"desarrollo.item\", \"fields\": {\"Tipo\": 1, \"Usuario\": 3, \"Fecha\": \"2014-06-07T10:16:07.206Z\", \"CostoTemporal\": 10, \"Version\": 2, \"CostoUnitario\": 5, \"Descripcion\": \"terreno para plantar arboles, verduras\", \"Nombre\": \"terreno\", \"Estado\": \"CON\", \"Prioridad\": 5, \"Fase\": 1}}]", "revision": 7}}, {"pk": 28, "model": "reversion.version", "fields": {"format": "json", "object_repr": "Relacion object", "object_id": "1", "content_type": 18, "object_id_int": 1, "serialized_data": "[{\"pk\": 1, \"model\": \"desarrollo.relacion\", \"fields\": {\"antecesor\": null, \"padre\": null, \"item\": 1}}]", "revision": 7}}, {"pk": 29, "model": "reversion.version", "fields": {"format": "json", "object_repr": "arbol de naranjo", "object_id": "2", "content_type": 16, "object_id_int": 2, "serialized_data": "[{\"pk\": 2, \"model\": \"desarrollo.item\", \"fields\": {\"Tipo\": 1, \"Usuario\": 3, \"Fecha\": \"2014-06-07T10:18:16.009Z\", \"CostoTemporal\": 3, \"Version\": 2, \"CostoUnitario\": 3, \"Descripcion\": \"arbol para plantar\", \"Nombre\": \"arbol de naranjo\", \"Estado\": \"CON\", \"Prioridad\": 3, \"Fase\": 1}}]", "revision": 8}}, {"pk": 30, "model": "reversion.version", "fields": {"format": "json", "object_repr": "Campo object", "object_id": "3", "content_type": 17, "object_id_int": 3, "serialized_data": "[{\"pk\": 3, \"model\": \"desarrollo.campo\", \"fields\": {\"hora\": null, \"atributo\": 1, \"fecha\": null, \"precision\": null, \"tipoItem\": 1, \"cadena\": null, \"item\": 2, \"mail\": null, \"numerico\": \"5000\", \"longitud\": null, \"logico\": null}}]", "revision": 8}}, {"pk": 31, "model": "reversion.version", "fields": {"format": "json", "object_repr": "Campo object", "object_id": "4", "content_type": 17, "object_id_int": 4, "serialized_data": "[{\"pk\": 4, \"model\": \"desarrollo.campo\", \"fields\": {\"hora\": null, \"atributo\": 2, \"fecha\": null, \"precision\": null, \"tipoItem\": 1, \"cadena\": \"arbol\", \"item\": 2, \"mail\": null, \"numerico\": null, \"longitud\": null, \"logico\": null}}]", "revision": 8}}, {"pk": 32, "model": "reversion.version", "fields": {"format": "json", "object_repr": "Relacion object", "object_id": "2", "content_type": 18, "object_id_int": 2, "serialized_data": "[{\"pk\": 2, \"model\": \"desarrollo.relacion\", \"fields\": {\"antecesor\": null, \"padre\": null, \"item\": 2}}]", "revision": 8}}, {"pk": 33, "model": "reversion.version", "fields": {"format": "json", "object_repr": "Campo object", "object_id": "1", "content_type": 17, "object_id_int": 1, "serialized_data": "[{\"pk\": 1, \"model\": \"desarrollo.campo\", \"fields\": {\"hora\": null, \"atributo\": 1, \"fecha\": null, \"precision\": null, \"tipoItem\": 1, \"cadena\": null, \"item\": 1, \"mail\": null, \"numerico\": \"10000.000000\", \"longitud\": null, \"logico\": null}}]", "revision": 9}}, {"pk": 34, "model": "reversion.version", "fields": {"format": "json", "object_repr": "Campo object", "object_id": "2", "content_type": 17, "object_id_int": 2, "serialized_data": "[{\"pk\": 2, \"model\": \"desarrollo.campo\", \"fields\": {\"hora\": null, \"atributo\": 2, \"fecha\": null, \"precision\": null, \"tipoItem\": 1, \"cadena\": \"terreno para plantaciones\", \"item\": 1, \"mail\": null, \"numerico\": null, \"longitud\": null, \"logico\": null}}]", "revision": 9}}, {"pk": 35, "model": "reversion.version", "fields": {"format": "json", "object_repr": "terreno", "object_id": "1", "content_type": 16, "object_id_int": 1, "serialized_data": "[{\"pk\": 1, \"model\": \"desarrollo.item\", \"fields\": {\"Tipo\": 1, \"Usuario\": 3, \"Fecha\": \"2014-06-07T10:18:28.794Z\", \"CostoTemporal\": 10, \"Version\": 3, \"CostoUnitario\": 5, \"Descripcion\": \"terreno para plantar arboles, verduras\", \"Nombre\": \"terreno\", \"Estado\": \"CON\", \"Prioridad\": 5, \"Fase\": 1}}]", "revision": 9}}, {"pk": 36, "model": "reversion.version", "fields": {"format": "json", "object_repr": "Relacion object", "object_id": "1", "content_type": 18, "object_id_int": 1, "serialized_data": "[{\"pk\": 1, \"model\": \"desarrollo.relacion\", \"fields\": {\"antecesor\": null, \"padre\": null, \"item\": 1}}]", "revision": 9}}, {"pk": 37, "model": "reversion.version", "fields": {"format": "json", "object_repr": "terreno", "object_id": "1", "content_type": 16, "object_id_int": 1, "serialized_data": "[{\"pk\": 1, \"model\": \"desarrollo.item\", \"fields\": {\"Tipo\": 1, \"Usuario\": 3, \"Fecha\": \"2014-06-07T10:18:36.716Z\", \"CostoTemporal\": 10, \"Version\": 3, \"CostoUnitario\": 5, \"Descripcion\": \"terreno para plantar arboles, verduras\", \"Nombre\": \"terreno\", \"Estado\": \"FIN\", \"Prioridad\": 5, \"Fase\": 1}}]", "revision": 10}}, {"pk": 38, "model": "reversion.version", "fields": {"format": "json", "object_repr": "Relacion object", "object_id": "2", "content_type": 18, "object_id_int": 2, "serialized_data": "[{\"pk\": 2, \"model\": \"desarrollo.relacion\", \"fields\": {\"antecesor\": null, \"padre\": 1, \"item\": 2}}]", "revision": 11}}, {"pk": 39, "model": "reversion.version", "fields": {"format": "json", "object_repr": "Campo object", "object_id": "3", "content_type": 17, "object_id_int": 3, "serialized_data": "[{\"pk\": 3, \"model\": \"desarrollo.campo\", \"fields\": {\"hora\": null, \"atributo\": 1, \"fecha\": null, \"precision\": null, \"tipoItem\": 1, \"cadena\": null, \"item\": 2, \"mail\": null, \"numerico\": \"5000.000\", \"longitud\": null, \"logico\": null}}]", "revision": 11}}, {"pk": 40, "model": "reversion.version", "fields": {"format": "json", "object_repr": "Campo object", "object_id": "4", "content_type": 17, "object_id_int": 4, "serialized_data": "[{\"pk\": 4, \"model\": \"desarrollo.campo\", \"fields\": {\"hora\": null, \"atributo\": 2, \"fecha\": null, \"precision\": null, \"tipoItem\": 1, \"cadena\": \"arbol\", \"item\": 2, \"mail\": null, \"numerico\": null, \"longitud\": null, \"logico\": null}}]", "revision": 11}}, {"pk": 41, "model": "reversion.version", "fields": {"format": "json", "object_repr": "arbol de naranjo", "object_id": "2", "content_type": 16, "object_id_int": 2, "serialized_data": "[{\"pk\": 2, \"model\": \"desarrollo.item\", \"fields\": {\"Tipo\": 1, \"Usuario\": 3, \"Fecha\": \"2014-06-07T10:22:48.654Z\", \"CostoTemporal\": 3, \"Version\": 3, \"CostoUnitario\": 3, \"Descripcion\": \"arbol para plantar\", \"Nombre\": \"arbol de naranjo\", \"Estado\": \"CON\", \"Prioridad\": 3, \"Fase\": 1}}]", "revision": 11}}, {"pk": 42, "model": "reversion.version", "fields": {"format": "json", "object_repr": "Relacion object", "object_id": "8", "content_type": 18, "object_id_int": 8, "serialized_data": "[{\"pk\": 8, \"model\": \"desarrollo.relacion\", \"fields\": {\"antecesor\": null, \"padre\": 1, \"item\": 8}}]", "revision": 12}}, {"pk": 43, "model": "reversion.version", "fields": {"format": "json", "object_repr": "manzano", "object_id": "8", "content_type": 16, "object_id_int": 8, "serialized_data": "[{\"pk\": 8, \"model\": \"desarrollo.item\", \"fields\": {\"Tipo\": 1, \"Usuario\": 3, \"Fecha\": \"2014-06-07T10:22:57.995Z\", \"CostoTemporal\": 5, \"Version\": 2, \"CostoUnitario\": 5, \"Descripcion\": \"arbol para plantar\", \"Nombre\": \"manzano\", \"Estado\": \"CON\", \"Prioridad\": 5, \"Fase\": 1}}]", "revision": 12}}, {"pk": 44, "model": "reversion.version", "fields": {"format": "json", "object_repr": "Campo object", "object_id": "16", "content_type": 17, "object_id_int": 16, "serialized_data": "[{\"pk\": 16, \"model\": \"desarrollo.campo\", \"fields\": {\"hora\": null, \"atributo\": 2, \"fecha\": null, \"precision\": null, \"tipoItem\": 1, \"cadena\": null, \"item\": 8, \"mail\": null, \"numerico\": null, \"longitud\": null, \"logico\": null}}]", "revision": 12}}, {"pk": 45, "model": "reversion.version", "fields": {"format": "json", "object_repr": "Campo object", "object_id": "15", "content_type": 17, "object_id_int": 15, "serialized_data": "[{\"pk\": 15, \"model\": \"desarrollo.campo\", \"fields\": {\"hora\": null, \"atributo\": 1, \"fecha\": null, \"precision\": null, \"tipoItem\": 1, \"cadena\": null, \"item\": 8, \"mail\": null, \"numerico\": null, \"longitud\": null, \"logico\": null}}]", "revision": 12}}, {"pk": 46, "model": "reversion.version", "fields": {"format": "json", "object_repr": "arbol de naranjo", "object_id": "2", "content_type": 16, "object_id_int": 2, "serialized_data": "[{\"pk\": 2, \"model\": \"desarrollo.item\", \"fields\": {\"Tipo\": 1, \"Usuario\": 3, \"Fecha\": \"2014-06-07T10:23:02.860Z\", \"CostoTemporal\": 3, \"Version\": 3, \"CostoUnitario\": 3, \"Descripcion\": \"arbol para plantar\", \"Nombre\": \"arbol de naranjo\", \"Estado\": \"FIN\", \"Prioridad\": 3, \"Fase\": 1}}]", "revision": 13}}, {"pk": 47, "model": "reversion.version", "fields": {"format": "json", "object_repr": "Campo object", "object_id": "16", "content_type": 17, "object_id_int": 16, "serialized_data": "[{\"pk\": 16, \"model\": \"desarrollo.campo\", \"fields\": {\"hora\": null, \"atributo\": 2, \"fecha\": null, \"precision\": null, \"tipoItem\": 1, \"cadena\": \"arbol\", \"item\": 8, \"mail\": null, \"numerico\": null, \"longitud\": null, \"logico\": null}}]", "revision": 14}}, {"pk": 48, "model": "reversion.version", "fields": {"format": "json", "object_repr": "manzano", "object_id": "8", "content_type": 16, "object_id_int": 8, "serialized_data": "[{\"pk\": 8, \"model\": \"desarrollo.item\", \"fields\": {\"Tipo\": 1, \"Usuario\": 3, \"Fecha\": \"2014-06-07T10:24:53.243Z\", \"CostoTemporal\": 5, \"Version\": 3, \"CostoUnitario\": 5, \"Descripcion\": \"arbol para plantar\", \"Nombre\": \"manzano\", \"Estado\": \"CON\", \"Prioridad\": 5, \"Fase\": 1}}]", "revision": 14}}, {"pk": 49, "model": "reversion.version", "fields": {"format": "json", "object_repr": "Relacion object", "object_id": "8", "content_type": 18, "object_id_int": 8, "serialized_data": "[{\"pk\": 8, \"model\": \"desarrollo.relacion\", \"fields\": {\"antecesor\": null, \"padre\": 1, \"item\": 8}}]", "revision": 14}}, {"pk": 50, "model": "reversion.version", "fields": {"format": "json", "object_repr": "Campo object", "object_id": "15", "content_type": 17, "object_id_int": 15, "serialized_data": "[{\"pk\": 15, \"model\": \"desarrollo.campo\", \"fields\": {\"hora\": null, \"atributo\": 1, \"fecha\": null, \"precision\": null, \"tipoItem\": 1, \"cadena\": null, \"item\": 8, \"mail\": null, \"numerico\": \"4000\", \"longitud\": null, \"logico\": null}}]", "revision": 14}}, {"pk": 51, "model": "reversion.version", "fields": {"format": "json", "object_repr": "chau", "object_id": "9", "content_type": 16, "object_id_int": 9, "serialized_data": "[{\"pk\": 9, \"model\": \"desarrollo.item\", \"fields\": {\"Tipo\": 1, \"Usuario\": 3, \"Fecha\": \"2014-06-07T10:25:19.501Z\", \"CostoTemporal\": 2, \"Version\": 1, \"CostoUnitario\": 2, \"Descripcion\": \"chau\", \"Nombre\": \"chau\", \"Estado\": \"CON\", \"Prioridad\": 2, \"Fase\": 1}}]", "revision": 15}}, {"pk": 52, "model": "reversion.version", "fields": {"format": "json", "object_repr": "Campo object", "object_id": "18", "content_type": 17, "object_id_int": 18, "serialized_data": "[{\"pk\": 18, \"model\": \"desarrollo.campo\", \"fields\": {\"hora\": null, \"atributo\": 2, \"fecha\": null, \"precision\": null, \"tipoItem\": 1, \"cadena\": null, \"item\": 9, \"mail\": null, \"numerico\": null, \"longitud\": null, \"logico\": null}}]", "revision": 15}}, {"pk": 53, "model": "reversion.version", "fields": {"format": "json", "object_repr": "Campo object", "object_id": "17", "content_type": 17, "object_id_int": 17, "serialized_data": "[{\"pk\": 17, \"model\": \"desarrollo.campo\", \"fields\": {\"hora\": null, \"atributo\": 1, \"fecha\": null, \"precision\": null, \"tipoItem\": 1, \"cadena\": null, \"item\": 9, \"mail\": null, \"numerico\": null, \"longitud\": null, \"logico\": null}}]", "revision": 15}}, {"pk": 54, "model": "reversion.version", "fields": {"format": "json", "object_repr": "Relacion object", "object_id": "9", "content_type": 18, "object_id_int": 9, "serialized_data": "[{\"pk\": 9, \"model\": \"desarrollo.relacion\", \"fields\": {\"antecesor\": null, \"padre\": null, \"item\": 9}}]", "revision": 15}}, {"pk": 55, "model": "reversion.version", "fields": {"format": "json", "object_repr": "Relacion object", "object_id": "8", "content_type": 18, "object_id_int": 8, "serialized_data": "[{\"pk\": 8, \"model\": \"desarrollo.relacion\", \"fields\": {\"antecesor\": null, \"padre\": 1, \"item\": 8}}]", "revision": 16}}, {"pk": 56, "model": "reversion.version", "fields": {"format": "json", "object_repr": "manzano", "object_id": "8", "content_type": 16, "object_id_int": 8, "serialized_data": "[{\"pk\": 8, \"model\": \"desarrollo.item\", \"fields\": {\"Tipo\": 1, \"Usuario\": 3, \"Fecha\": \"2014-06-07T10:25:34.221Z\", \"CostoTemporal\": 5, \"Version\": 4, \"CostoUnitario\": 5, \"Descripcion\": \"arbol para plantar\", \"Nombre\": \"manzano\", \"Estado\": \"CON\", \"Prioridad\": 5, \"Fase\": 1}}]", "revision": 16}}, {"pk": 57, "model": "reversion.version", "fields": {"format": "json", "object_repr": "Campo object", "object_id": "16", "content_type": 17, "object_id_int": 16, "serialized_data": "[{\"pk\": 16, \"model\": \"desarrollo.campo\", \"fields\": {\"hora\": null, \"atributo\": 2, \"fecha\": null, \"precision\": null, \"tipoItem\": 1, \"cadena\": \"arbol\", \"item\": 8, \"mail\": null, \"numerico\": null, \"longitud\": null, \"logico\": null}}]", "revision": 16}}, {"pk": 58, "model": "reversion.version", "fields": {"format": "json", "object_repr": "Campo object", "object_id": "15", "content_type": 17, "object_id_int": 15, "serialized_data": "[{\"pk\": 15, \"model\": \"desarrollo.campo\", \"fields\": {\"hora\": null, \"atributo\": 1, \"fecha\": null, \"precision\": null, \"tipoItem\": 1, \"cadena\": null, \"item\": 8, \"mail\": null, \"numerico\": \"4000.000\", \"longitud\": null, \"logico\": null}}]", "revision": 16}}, {"pk": 59, "model": "reversion.version", "fields": {"format": "json", "object_repr": "Campo object", "object_id": "16", "content_type": 17, "object_id_int": 16, "serialized_data": "[{\"pk\": 16, \"model\": \"desarrollo.campo\", \"fields\": {\"hora\": null, \"atributo\": 2, \"fecha\": null, \"precision\": null, \"tipoItem\": 1, \"cadena\": \"arbol\", \"item\": 8, \"mail\": null, \"numerico\": null, \"longitud\": null, \"logico\": null}}]", "revision": 17}}, {"pk": 60, "model": "reversion.version", "fields": {"format": "json", "object_repr": "manzano", "object_id": "8", "content_type": 16, "object_id_int": 8, "serialized_data": "[{\"pk\": 8, \"model\": \"desarrollo.item\", \"fields\": {\"Tipo\": 1, \"Usuario\": 3, \"Fecha\": \"2014-06-07T10:25:58.120Z\", \"CostoTemporal\": 5, \"Version\": 5, \"CostoUnitario\": 5, \"Descripcion\": \"arbol para plantar\", \"Nombre\": \"manzano\", \"Estado\": \"CON\", \"Prioridad\": 5, \"Fase\": 1}}]", "revision": 17}}, {"pk": 61, "model": "reversion.version", "fields": {"format": "json", "object_repr": "Relacion object", "object_id": "8", "content_type": 18, "object_id_int": 8, "serialized_data": "[{\"pk\": 8, \"model\": \"desarrollo.relacion\", \"fields\": {\"antecesor\": null, \"padre\": 1, \"item\": 8}}]", "revision": 17}}, {"pk": 62, "model": "reversion.version", "fields": {"format": "json", "object_repr": "Campo object", "object_id": "15", "content_type": 17, "object_id_int": 15, "serialized_data": "[{\"pk\": 15, \"model\": \"desarrollo.campo\", \"fields\": {\"hora\": null, \"atributo\": 1, \"fecha\": null, \"precision\": null, \"tipoItem\": 1, \"cadena\": null, \"item\": 8, \"mail\": null, \"numerico\": \"6000.000000\", \"longitud\": null, \"logico\": null}}]", "revision": 17}}, {"pk": 63, "model": "reversion.version", "fields": {"format": "json", "object_repr": "manzano", "object_id": "8", "content_type": 16, "object_id_int": 8, "serialized_data": "[{\"pk\": 8, \"model\": \"desarrollo.item\", \"fields\": {\"Tipo\": 1, \"Usuario\": 3, \"Fecha\": \"2014-06-07T10:26:04.635Z\", \"CostoTemporal\": 5, \"Version\": 6, \"CostoUnitario\": 5, \"Descripcion\": \"arbol para plantar\", \"Nombre\": \"manzano\", \"Estado\": \"CON\", \"Prioridad\": 5, \"Fase\": 1}}]", "revision": 18}}, {"pk": 64, "model": "reversion.version", "fields": {"format": "json", "object_repr": "Campo object", "object_id": "16", "content_type": 17, "object_id_int": 16, "serialized_data": "[{\"pk\": 16, \"model\": \"desarrollo.campo\", \"fields\": {\"hora\": null, \"atributo\": 2, \"fecha\": null, \"precision\": null, \"tipoItem\": 1, \"cadena\": \"arbol\", \"item\": 8, \"mail\": null, \"numerico\": null, \"longitud\": null, \"logico\": null}}]", "revision": 18}}, {"pk": 65, "model": "reversion.version", "fields": {"format": "json", "object_repr": "Relacion object", "object_id": "8", "content_type": 18, "object_id_int": 8, "serialized_data": "[{\"pk\": 8, \"model\": \"desarrollo.relacion\", \"fields\": {\"antecesor\": null, \"padre\": 1, \"item\": 8}}]", "revision": 18}}, {"pk": 66, "model": "reversion.version", "fields": {"format": "json", "object_repr": "Campo object", "object_id": "15", "content_type": 17, "object_id_int": 15, "serialized_data": "[{\"pk\": 15, \"model\": \"desarrollo.campo\", \"fields\": {\"hora\": null, \"atributo\": 1, \"fecha\": null, \"precision\": null, \"tipoItem\": 1, \"cadena\": null, \"item\": 8, \"mail\": null, \"numerico\": \"4000.000\", \"longitud\": null, \"logico\": null}}]", "revision": 18}}, {"pk": 67, "model": "reversion.version", "fields": {"format": "json", "object_repr": "manzano", "object_id": "8", "content_type": 16, "object_id_int": 8, "serialized_data": "[{\"pk\": 8, \"model\": \"desarrollo.item\", \"fields\": {\"Tipo\": 1, \"Usuario\": 3, \"Fecha\": \"2014-06-07T10:29:45.679Z\", \"CostoTemporal\": 5, \"Version\": 7, \"CostoUnitario\": 5, \"Descripcion\": \"arbol para plantar\", \"Nombre\": \"manzano\", \"Estado\": \"CON\", \"Prioridad\": 5, \"Fase\": 1}}]", "revision": 19}}, {"pk": 68, "model": "reversion.version", "fields": {"format": "json", "object_repr": "Campo object", "object_id": "16", "content_type": 17, "object_id_int": 16, "serialized_data": "[{\"pk\": 16, \"model\": \"desarrollo.campo\", \"fields\": {\"hora\": null, \"atributo\": 2, \"fecha\": null, \"precision\": null, \"tipoItem\": 1, \"cadena\": \"arbol\", \"item\": 8, \"mail\": null, \"numerico\": null, \"longitud\": null, \"logico\": null}}]", "revision": 19}}, {"pk": 69, "model": "reversion.version", "fields": {"format": "json", "object_repr": "Relacion object", "object_id": "8", "content_type": 18, "object_id_int": 8, "serialized_data": "[{\"pk\": 8, \"model\": \"desarrollo.relacion\", \"fields\": {\"antecesor\": null, \"padre\": 1, \"item\": 8}}]", "revision": 19}}, {"pk": 70, "model": "reversion.version", "fields": {"format": "json", "object_repr": "Campo object", "object_id": "15", "content_type": 17, "object_id_int": 15, "serialized_data": "[{\"pk\": 15, \"model\": \"desarrollo.campo\", \"fields\": {\"hora\": null, \"atributo\": 1, \"fecha\": null, \"precision\": null, \"tipoItem\": 1, \"cadena\": null, \"item\": 8, \"mail\": null, \"numerico\": \"6000.000000\", \"longitud\": null, \"logico\": null}}]", "revision": 19}}, {"pk": 71, "model": "reversion.version", "fields": {"format": "json", "object_repr": "hola", "object_id": "7", "content_type": 16, "object_id_int": 7, "serialized_data": "[{\"pk\": 7, \"model\": \"desarrollo.item\", \"fields\": {\"Tipo\": 1, \"Usuario\": 3, \"Fecha\": \"2014-06-07T10:15:07.551Z\", \"CostoTemporal\": 1, \"Version\": 1, \"CostoUnitario\": 1, \"Descripcion\": \"hola\", \"Nombre\": \"hola\", \"Estado\": \"CON\", \"Prioridad\": 1, \"Fase\": 1}}]", "revision": 20}}, {"pk": 72, "model": "reversion.version", "fields": {"format": "json", "object_repr": "Campo object", "object_id": "13", "content_type": 17, "object_id_int": 13, "serialized_data": "[{\"pk\": 13, \"model\": \"desarrollo.campo\", \"fields\": {\"hora\": null, \"atributo\": 1, \"fecha\": null, \"precision\": null, \"tipoItem\": 1, \"cadena\": null, \"item\": 7, \"mail\": null, \"numerico\": null, \"longitud\": null, \"logico\": null}}]", "revision": 20}}, {"pk": 73, "model": "reversion.version", "fields": {"format": "json", "object_repr": "Campo object", "object_id": "14", "content_type": 17, "object_id_int": 14, "serialized_data": "[{\"pk\": 14, \"model\": \"desarrollo.campo\", \"fields\": {\"hora\": null, \"atributo\": 2, \"fecha\": null, \"precision\": null, \"tipoItem\": 1, \"cadena\": null, \"item\": 7, \"mail\": null, \"numerico\": null, \"longitud\": null, \"logico\": null}}]", "revision": 20}}, {"pk": 74, "model": "reversion.version", "fields": {"format": "json", "object_repr": "Relacion object", "object_id": "7", "content_type": 18, "object_id_int": 7, "serialized_data": "[{\"pk\": 7, \"model\": \"desarrollo.relacion\", \"fields\": {\"antecesor\": null, \"padre\": null, \"item\": 7}}]", "revision": 20}}, {"pk": 75, "model": "reversion.version", "fields": {"format": "json", "object_repr": "chacra", "object_id": "10", "content_type": 16, "object_id_int": 10, "serialized_data": "[{\"pk\": 10, \"model\": \"desarrollo.item\", \"fields\": {\"Tipo\": 1, \"Usuario\": 3, \"Fecha\": \"2014-06-07T10:30:53.777Z\", \"CostoTemporal\": 4, \"Version\": 1, \"CostoUnitario\": 4, \"Descripcion\": \"chacra para verduras\", \"Nombre\": \"chacra\", \"Estado\": \"CON\", \"Prioridad\": 4, \"Fase\": 1}}]", "revision": 21}}, {"pk": 76, "model": "reversion.version", "fields": {"format": "json", "object_repr": "Campo object", "object_id": "19", "content_type": 17, "object_id_int": 19, "serialized_data": "[{\"pk\": 19, \"model\": \"desarrollo.campo\", \"fields\": {\"hora\": null, \"atributo\": 1, \"fecha\": null, \"precision\": null, \"tipoItem\": 1, \"cadena\": null, \"item\": 10, \"mail\": null, \"numerico\": null, \"longitud\": null, \"logico\": null}}]", "revision": 21}}, {"pk": 77, "model": "reversion.version", "fields": {"format": "json", "object_repr": "Campo object", "object_id": "20", "content_type": 17, "object_id_int": 20, "serialized_data": "[{\"pk\": 20, \"model\": \"desarrollo.campo\", \"fields\": {\"hora\": null, \"atributo\": 2, \"fecha\": null, \"precision\": null, \"tipoItem\": 1, \"cadena\": null, \"item\": 10, \"mail\": null, \"numerico\": null, \"longitud\": null, \"logico\": null}}]", "revision": 21}}, {"pk": 78, "model": "reversion.version", "fields": {"format": "json", "object_repr": "Relacion object", "object_id": "10", "content_type": 18, "object_id_int": 10, "serialized_data": "[{\"pk\": 10, \"model\": \"desarrollo.relacion\", \"fields\": {\"antecesor\": null, \"padre\": null, \"item\": 10}}]", "revision": 21}}, {"pk": 79, "model": "reversion.version", "fields": {"format": "json", "object_repr": "chacra", "object_id": "10", "content_type": 16, "object_id_int": 10, "serialized_data": "[{\"pk\": 10, \"model\": \"desarrollo.item\", \"fields\": {\"Tipo\": 1, \"Usuario\": 3, \"Fecha\": \"2014-06-07T10:31:08.652Z\", \"CostoTemporal\": 4, \"Version\": 2, \"CostoUnitario\": 4, \"Descripcion\": \"chacra para verduras\", \"Nombre\": \"chacra\", \"Estado\": \"CON\", \"Prioridad\": 4, \"Fase\": 1}}]", "revision": 22}}, {"pk": 80, "model": "reversion.version", "fields": {"format": "json", "object_repr": "Campo object", "object_id": "19", "content_type": 17, "object_id_int": 19, "serialized_data": "[{\"pk\": 19, \"model\": \"desarrollo.campo\", \"fields\": {\"hora\": null, \"atributo\": 1, \"fecha\": null, \"precision\": null, \"tipoItem\": 1, \"cadena\": null, \"item\": 10, \"mail\": null, \"numerico\": \"10000\", \"longitud\": null, \"logico\": null}}]", "revision": 22}}, {"pk": 81, "model": "reversion.version", "fields": {"format": "json", "object_repr": "Campo object", "object_id": "20", "content_type": 17, "object_id_int": 20, "serialized_data": "[{\"pk\": 20, \"model\": \"desarrollo.campo\", \"fields\": {\"hora\": null, \"atributo\": 2, \"fecha\": null, \"precision\": null, \"tipoItem\": 1, \"cadena\": \"plantacion\", \"item\": 10, \"mail\": null, \"numerico\": null, \"longitud\": null, \"logico\": null}}]", "revision": 22}}, {"pk": 82, "model": "reversion.version", "fields": {"format": "json", "object_repr": "Relacion object", "object_id": "10", "content_type": 18, "object_id_int": 10, "serialized_data": "[{\"pk\": 10, \"model\": \"desarrollo.relacion\", \"fields\": {\"antecesor\": null, \"padre\": null, \"item\": 10}}]", "revision": 22}}, {"pk": 83, "model": "reversion.version", "fields": {"format": "json", "object_repr": "Relacion object", "object_id": "10", "content_type": 18, "object_id_int": 10, "serialized_data": "[{\"pk\": 10, \"model\": \"desarrollo.relacion\", \"fields\": {\"antecesor\": null, \"padre\": 1, \"item\": 10}}]", "revision": 23}}, {"pk": 84, "model": "reversion.version", "fields": {"format": "json", "object_repr": "Campo object", "object_id": "19", "content_type": 17, "object_id_int": 19, "serialized_data": "[{\"pk\": 19, \"model\": \"desarrollo.campo\", \"fields\": {\"hora\": null, \"atributo\": 1, \"fecha\": null, \"precision\": null, \"tipoItem\": 1, \"cadena\": null, \"item\": 10, \"mail\": null, \"numerico\": \"10000.000\", \"longitud\": null, \"logico\": null}}]", "revision": 23}}, {"pk": 85, "model": "reversion.version", "fields": {"format": "json", "object_repr": "Campo object", "object_id": "20", "content_type": 17, "object_id_int": 20, "serialized_data": "[{\"pk\": 20, \"model\": \"desarrollo.campo\", \"fields\": {\"hora\": null, \"atributo\": 2, \"fecha\": null, \"precision\": null, \"tipoItem\": 1, \"cadena\": \"plantacion\", \"item\": 10, \"mail\": null, \"numerico\": null, \"longitud\": null, \"logico\": null}}]", "revision": 23}}, {"pk": 86, "model": "reversion.version", "fields": {"format": "json", "object_repr": "chacra", "object_id": "10", "content_type": 16, "object_id_int": 10, "serialized_data": "[{\"pk\": 10, \"model\": \"desarrollo.item\", \"fields\": {\"Tipo\": 1, \"Usuario\": 3, \"Fecha\": \"2014-06-07T10:31:26.646Z\", \"CostoTemporal\": 4, \"Version\": 3, \"CostoUnitario\": 4, \"Descripcion\": \"chacra para verduras\", \"Nombre\": \"chacra\", \"Estado\": \"CON\", \"Prioridad\": 4, \"Fase\": 1}}]", "revision": 23}}, {"pk": 87, "model": "reversion.version", "fields": {"format": "json", "object_repr": "manzano", "object_id": "8", "content_type": 16, "object_id_int": 8, "serialized_data": "[{\"pk\": 8, \"model\": \"desarrollo.item\", \"fields\": {\"Tipo\": 1, \"Usuario\": 3, \"Fecha\": \"2014-06-07T10:31:42.943Z\", \"CostoTemporal\": 5, \"Version\": 7, \"CostoUnitario\": 5, \"Descripcion\": \"arbol para plantar\", \"Nombre\": \"manzano\", \"Estado\": \"FIN\", \"Prioridad\": 5, \"Fase\": 1}}]", "revision": 24}}, {"pk": 88, "model": "reversion.version", "fields": {"format": "json", "object_repr": "chacra", "object_id": "10", "content_type": 16, "object_id_int": 10, "serialized_data": "[{\"pk\": 10, \"model\": \"desarrollo.item\", \"fields\": {\"Tipo\": 1, \"Usuario\": 3, \"Fecha\": \"2014-06-07T10:31:46.046Z\", \"CostoTemporal\": 4, \"Version\": 3, \"CostoUnitario\": 4, \"Descripcion\": \"chacra para verduras\", \"Nombre\": \"chacra\", \"Estado\": \"FIN\", \"Prioridad\": 4, \"Fase\": 1}}]", "revision": 25}}, {"pk": 89, "model": "reversion.version", "fields": {"format": "json", "object_repr": "manzano", "object_id": "8", "content_type": 16, "object_id_int": 8, "serialized_data": "[{\"pk\": 8, \"model\": \"desarrollo.item\", \"fields\": {\"Tipo\": 1, \"Usuario\": 3, \"Fecha\": \"2014-06-07T10:32:55.850Z\", \"CostoTemporal\": 5, \"Version\": 7, \"CostoUnitario\": 5, \"Descripcion\": \"arbol para plantar\", \"Nombre\": \"manzano\", \"Estado\": \"VAL\", \"Prioridad\": 5, \"Fase\": 1}}]", "revision": 26}}, {"pk": 90, "model": "reversion.version", "fields": {"format": "json", "object_repr": "terreno", "object_id": "1", "content_type": 16, "object_id_int": 1, "serialized_data": "[{\"pk\": 1, \"model\": \"desarrollo.item\", \"fields\": {\"Tipo\": 1, \"Usuario\": 3, \"Fecha\": \"2014-06-07T10:32:55.790Z\", \"CostoTemporal\": 10, \"Version\": 3, \"CostoUnitario\": 5, \"Descripcion\": \"terreno para plantar arboles, verduras\", \"Nombre\": \"terreno\", \"Estado\": \"VAL\", \"Prioridad\": 5, \"Fase\": 1}}]", "revision": 26}}, {"pk": 91, "model": "reversion.version", "fields": {"format": "json", "object_repr": "arbol de naranjo", "object_id": "2", "content_type": 16, "object_id_int": 2, "serialized_data": "[{\"pk\": 2, \"model\": \"desarrollo.item\", \"fields\": {\"Tipo\": 1, \"Usuario\": 3, \"Fecha\": \"2014-06-07T10:32:55.822Z\", \"CostoTemporal\": 3, \"Version\": 3, \"CostoUnitario\": 3, \"Descripcion\": \"arbol para plantar\", \"Nombre\": \"arbol de naranjo\", \"Estado\": \"VAL\", \"Prioridad\": 3, \"Fase\": 1}}]", "revision": 26}}, {"pk": 92, "model": "reversion.version", "fields": {"format": "json", "object_repr": "chacra", "object_id": "10", "content_type": 16, "object_id_int": 10, "serialized_data": "[{\"pk\": 10, \"model\": \"desarrollo.item\", \"fields\": {\"Tipo\": 1, \"Usuario\": 3, \"Fecha\": \"2014-06-07T10:32:55.880Z\", \"CostoTemporal\": 4, \"Version\": 3, \"CostoUnitario\": 4, \"Descripcion\": \"chacra para verduras\", \"Nombre\": \"chacra\", \"Estado\": \"VAL\", \"Prioridad\": 4, \"Fase\": 1}}]", "revision": 26}}, {"pk": 93, "model": "reversion.version", "fields": {"format": "json", "object_repr": "naranja", "object_id": "11", "content_type": 16, "object_id_int": 11, "serialized_data": "[{\"pk\": 11, \"model\": \"desarrollo.item\", \"fields\": {\"Tipo\": 2, \"Usuario\": 4, \"Fecha\": \"2014-06-07T10:33:38.591Z\", \"CostoTemporal\": 2, \"Version\": 1, \"CostoUnitario\": 2, \"Descripcion\": \"fruta\", \"Nombre\": \"naranja\", \"Estado\": \"CON\", \"Prioridad\": 2, \"Fase\": 2}}]", "revision": 27}}, {"pk": 94, "model": "reversion.version", "fields": {"format": "json", "object_repr": "Relacion object", "object_id": "11", "content_type": 18, "object_id_int": 11, "serialized_data": "[{\"pk\": 11, \"model\": \"desarrollo.relacion\", \"fields\": {\"antecesor\": null, \"padre\": null, \"item\": 11}}]", "revision": 27}}, {"pk": 95, "model": "reversion.version", "fields": {"format": "json", "object_repr": "Campo object", "object_id": "21", "content_type": 17, "object_id_int": 21, "serialized_data": "[{\"pk\": 21, \"model\": \"desarrollo.campo\", \"fields\": {\"hora\": null, \"atributo\": 1, \"fecha\": null, \"precision\": null, \"tipoItem\": 2, \"cadena\": null, \"item\": 11, \"mail\": null, \"numerico\": null, \"longitud\": null, \"logico\": null}}]", "revision": 27}}, {"pk": 96, "model": "reversion.version", "fields": {"format": "json", "object_repr": "Campo object", "object_id": "22", "content_type": 17, "object_id_int": 22, "serialized_data": "[{\"pk\": 22, \"model\": \"desarrollo.campo\", \"fields\": {\"hora\": null, \"atributo\": 2, \"fecha\": null, \"precision\": null, \"tipoItem\": 2, \"cadena\": null, \"item\": 11, \"mail\": null, \"numerico\": null, \"longitud\": null, \"logico\": null}}]", "revision": 27}}, {"pk": 97, "model": "reversion.version", "fields": {"format": "json", "object_repr": "Relacion object", "object_id": "11", "content_type": 18, "object_id_int": 11, "serialized_data": "[{\"pk\": 11, \"model\": \"desarrollo.relacion\", \"fields\": {\"antecesor\": 2, \"padre\": null, \"item\": 11}}]", "revision": 28}}, {"pk": 98, "model": "reversion.version", "fields": {"format": "json", "object_repr": "naranja", "object_id": "11", "content_type": 16, "object_id_int": 11, "serialized_data": "[{\"pk\": 11, \"model\": \"desarrollo.item\", \"fields\": {\"Tipo\": 2, \"Usuario\": 4, \"Fecha\": \"2014-06-07T10:33:48.332Z\", \"CostoTemporal\": 2, \"Version\": 2, \"CostoUnitario\": 2, \"Descripcion\": \"fruta\", \"Nombre\": \"naranja\", \"Estado\": \"CON\", \"Prioridad\": 2, \"Fase\": 2}}]", "revision": 28}}, {"pk": 99, "model": "reversion.version", "fields": {"format": "json", "object_repr": "Campo object", "object_id": "21", "content_type": 17, "object_id_int": 21, "serialized_data": "[{\"pk\": 21, \"model\": \"desarrollo.campo\", \"fields\": {\"hora\": null, \"atributo\": 1, \"fecha\": null, \"precision\": null, \"tipoItem\": 2, \"cadena\": null, \"item\": 11, \"mail\": null, \"numerico\": null, \"longitud\": null, \"logico\": null}}]", "revision": 28}}, {"pk": 100, "model": "reversion.version", "fields": {"format": "json", "object_repr": "Campo object", "object_id": "22", "content_type": 17, "object_id_int": 22, "serialized_data": "[{\"pk\": 22, \"model\": \"desarrollo.campo\", \"fields\": {\"hora\": null, \"atributo\": 2, \"fecha\": null, \"precision\": null, \"tipoItem\": 2, \"cadena\": null, \"item\": 11, \"mail\": null, \"numerico\": null, \"longitud\": null, \"logico\": null}}]", "revision": 28}}, {"pk": 101, "model": "reversion.version", "fields": {"format": "json", "object_repr": "Campo object", "object_id": "24", "content_type": 17, "object_id_int": 24, "serialized_data": "[{\"pk\": 24, \"model\": \"desarrollo.campo\", \"fields\": {\"hora\": null, \"atributo\": 2, \"fecha\": null, \"precision\": null, \"tipoItem\": 2, \"cadena\": null, \"item\": 12, \"mail\": null, \"numerico\": null, \"longitud\": null, \"logico\": null}}]", "revision": 29}}, {"pk": 102, "model": "reversion.version", "fields": {"format": "json", "object_repr": "manzana", "object_id": "12", "content_type": 16, "object_id_int": 12, "serialized_data": "[{\"pk\": 12, \"model\": \"desarrollo.item\", \"fields\": {\"Tipo\": 2, \"Usuario\": 4, \"Fecha\": \"2014-06-07T10:34:11.087Z\", \"CostoTemporal\": 4, \"Version\": 1, \"CostoUnitario\": 4, \"Descripcion\": \"fruta\", \"Nombre\": \"manzana\", \"Estado\": \"CON\", \"Prioridad\": 4, \"Fase\": 2}}]", "revision": 29}}, {"pk": 103, "model": "reversion.version", "fields": {"format": "json", "object_repr": "Relacion object", "object_id": "12", "content_type": 18, "object_id_int": 12, "serialized_data": "[{\"pk\": 12, \"model\": \"desarrollo.relacion\", \"fields\": {\"antecesor\": null, \"padre\": null, \"item\": 12}}]", "revision": 29}}, {"pk": 104, "model": "reversion.version", "fields": {"format": "json", "object_repr": "Campo object", "object_id": "23", "content_type": 17, "object_id_int": 23, "serialized_data": "[{\"pk\": 23, \"model\": \"desarrollo.campo\", \"fields\": {\"hora\": null, \"atributo\": 1, \"fecha\": null, \"precision\": null, \"tipoItem\": 2, \"cadena\": null, \"item\": 12, \"mail\": null, \"numerico\": null, \"longitud\": null, \"logico\": null}}]", "revision": 29}}, {"pk": 105, "model": "reversion.version", "fields": {"format": "json", "object_repr": "Campo object", "object_id": "24", "content_type": 17, "object_id_int": 24, "serialized_data": "[{\"pk\": 24, \"model\": \"desarrollo.campo\", \"fields\": {\"hora\": null, \"atributo\": 2, \"fecha\": null, \"precision\": null, \"tipoItem\": 2, \"cadena\": null, \"item\": 12, \"mail\": null, \"numerico\": null, \"longitud\": null, \"logico\": null}}]", "revision": 30}}, {"pk": 106, "model": "reversion.version", "fields": {"format": "json", "object_repr": "Relacion object", "object_id": "12", "content_type": 18, "object_id_int": 12, "serialized_data": "[{\"pk\": 12, \"model\": \"desarrollo.relacion\", \"fields\": {\"antecesor\": 8, \"padre\": null, \"item\": 12}}]", "revision": 30}}, {"pk": 107, "model": "reversion.version", "fields": {"format": "json", "object_repr": "manzana", "object_id": "12", "content_type": 16, "object_id_int": 12, "serialized_data": "[{\"pk\": 12, \"model\": \"desarrollo.item\", \"fields\": {\"Tipo\": 2, \"Usuario\": 4, \"Fecha\": \"2014-06-07T10:34:19.038Z\", \"CostoTemporal\": 4, \"Version\": 2, \"CostoUnitario\": 4, \"Descripcion\": \"fruta\", \"Nombre\": \"manzana\", \"Estado\": \"CON\", \"Prioridad\": 4, \"Fase\": 2}}]", "revision": 30}}, {"pk": 108, "model": "reversion.version", "fields": {"format": "json", "object_repr": "Campo object", "object_id": "23", "content_type": 17, "object_id_int": 23, "serialized_data": "[{\"pk\": 23, \"model\": \"desarrollo.campo\", \"fields\": {\"hora\": null, \"atributo\": 1, \"fecha\": null, \"precision\": null, \"tipoItem\": 2, \"cadena\": null, \"item\": 12, \"mail\": null, \"numerico\": null, \"longitud\": null, \"logico\": null}}]", "revision": 30}}, {"pk": 109, "model": "reversion.version", "fields": {"format": "json", "object_repr": "Campo object", "object_id": "25", "content_type": 17, "object_id_int": 25, "serialized_data": "[{\"pk\": 25, \"model\": \"desarrollo.campo\", \"fields\": {\"hora\": null, \"atributo\": 1, \"fecha\": null, \"precision\": null, \"tipoItem\": 2, \"cadena\": null, \"item\": 13, \"mail\": null, \"numerico\": null, \"longitud\": null, \"logico\": null}}]", "revision": 31}}, {"pk": 110, "model": "reversion.version", "fields": {"format": "json", "object_repr": "Campo object", "object_id": "26", "content_type": 17, "object_id_int": 26, "serialized_data": "[{\"pk\": 26, \"model\": \"desarrollo.campo\", \"fields\": {\"hora\": null, \"atributo\": 2, \"fecha\": null, \"precision\": null, \"tipoItem\": 2, \"cadena\": null, \"item\": 13, \"mail\": null, \"numerico\": null, \"longitud\": null, \"logico\": null}}]", "revision": 31}}, {"pk": 111, "model": "reversion.version", "fields": {"format": "json", "object_repr": "verduras", "object_id": "13", "content_type": 16, "object_id_int": 13, "serialized_data": "[{\"pk\": 13, \"model\": \"desarrollo.item\", \"fields\": {\"Tipo\": 2, \"Usuario\": 4, \"Fecha\": \"2014-06-07T10:34:40.352Z\", \"CostoTemporal\": 9, \"Version\": 1, \"CostoUnitario\": 9, \"Descripcion\": \"para plantar\", \"Nombre\": \"verduras\", \"Estado\": \"CON\", \"Prioridad\": 9, \"Fase\": 2}}]", "revision": 31}}, {"pk": 112, "model": "reversion.version", "fields": {"format": "json", "object_repr": "Relacion object", "object_id": "13", "content_type": 18, "object_id_int": 13, "serialized_data": "[{\"pk\": 13, \"model\": \"desarrollo.relacion\", \"fields\": {\"antecesor\": null, \"padre\": null, \"item\": 13}}]", "revision": 31}}, {"pk": 113, "model": "reversion.version", "fields": {"format": "json", "object_repr": "Campo object", "object_id": "25", "content_type": 17, "object_id_int": 25, "serialized_data": "[{\"pk\": 25, \"model\": \"desarrollo.campo\", \"fields\": {\"hora\": null, \"atributo\": 1, \"fecha\": null, \"precision\": null, \"tipoItem\": 2, \"cadena\": null, \"item\": 13, \"mail\": null, \"numerico\": null, \"longitud\": null, \"logico\": null}}]", "revision": 32}}, {"pk": 114, "model": "reversion.version", "fields": {"format": "json", "object_repr": "Campo object", "object_id": "26", "content_type": 17, "object_id_int": 26, "serialized_data": "[{\"pk\": 26, \"model\": \"desarrollo.campo\", \"fields\": {\"hora\": null, \"atributo\": 2, \"fecha\": null, \"precision\": null, \"tipoItem\": 2, \"cadena\": null, \"item\": 13, \"mail\": null, \"numerico\": null, \"longitud\": null, \"logico\": null}}]", "revision": 32}}, {"pk": 115, "model": "reversion.version", "fields": {"format": "json", "object_repr": "Relacion object", "object_id": "13", "content_type": 18, "object_id_int": 13, "serialized_data": "[{\"pk\": 13, \"model\": \"desarrollo.relacion\", \"fields\": {\"antecesor\": 10, \"padre\": null, \"item\": 13}}]", "revision": 32}}, {"pk": 116, "model": "reversion.version", "fields": {"format": "json", "object_repr": "verduras", "object_id": "13", "content_type": 16, "object_id_int": 13, "serialized_data": "[{\"pk\": 13, \"model\": \"desarrollo.item\", \"fields\": {\"Tipo\": 2, \"Usuario\": 4, \"Fecha\": \"2014-06-07T10:34:46.242Z\", \"CostoTemporal\": 9, \"Version\": 2, \"CostoUnitario\": 9, \"Descripcion\": \"para plantar\", \"Nombre\": \"verduras\", \"Estado\": \"CON\", \"Prioridad\": 9, \"Fase\": 2}}]", "revision": 32}}, {"pk": 117, "model": "reversion.version", "fields": {"format": "json", "object_repr": "Campo object", "object_id": "27", "content_type": 17, "object_id_int": 27, "serialized_data": "[{\"pk\": 27, \"model\": \"desarrollo.campo\", \"fields\": {\"hora\": null, \"atributo\": 1, \"fecha\": null, \"precision\": null, \"tipoItem\": 2, \"cadena\": null, \"item\": 14, \"mail\": null, \"numerico\": null, \"longitud\": null, \"logico\": null}}]", "revision": 33}}, {"pk": 118, "model": "reversion.version", "fields": {"format": "json", "object_repr": "Campo object", "object_id": "28", "content_type": 17, "object_id_int": 28, "serialized_data": "[{\"pk\": 28, \"model\": \"desarrollo.campo\", \"fields\": {\"hora\": null, \"atributo\": 2, \"fecha\": null, \"precision\": null, \"tipoItem\": 2, \"cadena\": null, \"item\": 14, \"mail\": null, \"numerico\": null, \"longitud\": null, \"logico\": null}}]", "revision": 33}}, {"pk": 119, "model": "reversion.version", "fields": {"format": "json", "object_repr": "tomate", "object_id": "14", "content_type": 16, "object_id_int": 14, "serialized_data": "[{\"pk\": 14, \"model\": \"desarrollo.item\", \"fields\": {\"Tipo\": 2, \"Usuario\": 4, \"Fecha\": \"2014-06-07T10:34:58.685Z\", \"CostoTemporal\": 2, \"Version\": 1, \"CostoUnitario\": 2, \"Descripcion\": \"verdura\", \"Nombre\": \"tomate\", \"Estado\": \"CON\", \"Prioridad\": 2, \"Fase\": 2}}]", "revision": 33}}, {"pk": 120, "model": "reversion.version", "fields": {"format": "json", "object_repr": "Relacion object", "object_id": "14", "content_type": 18, "object_id_int": 14, "serialized_data": "[{\"pk\": 14, \"model\": \"desarrollo.relacion\", \"fields\": {\"antecesor\": null, \"padre\": null, \"item\": 14}}]", "revision": 33}}, {"pk": 121, "model": "reversion.version", "fields": {"format": "json", "object_repr": "lechuga", "object_id": "15", "content_type": 16, "object_id_int": 15, "serialized_data": "[{\"pk\": 15, \"model\": \"desarrollo.item\", \"fields\": {\"Tipo\": 2, \"Usuario\": 4, \"Fecha\": \"2014-06-07T10:35:06.687Z\", \"CostoTemporal\": 3, \"Version\": 1, \"CostoUnitario\": 3, \"Descripcion\": \"3\", \"Nombre\": \"lechuga\", \"Estado\": \"CON\", \"Prioridad\": 3, \"Fase\": 2}}]", "revision": 34}}, {"pk": 122, "model": "reversion.version", "fields": {"format": "json", "object_repr": "Campo object", "object_id": "29", "content_type": 17, "object_id_int": 29, "serialized_data": "[{\"pk\": 29, \"model\": \"desarrollo.campo\", \"fields\": {\"hora\": null, \"atributo\": 1, \"fecha\": null, \"precision\": null, \"tipoItem\": 2, \"cadena\": null, \"item\": 15, \"mail\": null, \"numerico\": null, \"longitud\": null, \"logico\": null}}]", "revision": 34}}, {"pk": 123, "model": "reversion.version", "fields": {"format": "json", "object_repr": "Campo object", "object_id": "30", "content_type": 17, "object_id_int": 30, "serialized_data": "[{\"pk\": 30, \"model\": \"desarrollo.campo\", \"fields\": {\"hora\": null, \"atributo\": 2, \"fecha\": null, \"precision\": null, \"tipoItem\": 2, \"cadena\": null, \"item\": 15, \"mail\": null, \"numerico\": null, \"longitud\": null, \"logico\": null}}]", "revision": 34}}, {"pk": 124, "model": "reversion.version", "fields": {"format": "json", "object_repr": "Relacion object", "object_id": "15", "content_type": 18, "object_id_int": 15, "serialized_data": "[{\"pk\": 15, \"model\": \"desarrollo.relacion\", \"fields\": {\"antecesor\": null, \"padre\": null, \"item\": 15}}]", "revision": 34}}, {"pk": 125, "model": "reversion.version", "fields": {"format": "json", "object_repr": "Campo object", "object_id": "27", "content_type": 17, "object_id_int": 27, "serialized_data": "[{\"pk\": 27, \"model\": \"desarrollo.campo\", \"fields\": {\"hora\": null, \"atributo\": 1, \"fecha\": null, \"precision\": null, \"tipoItem\": 2, \"cadena\": null, \"item\": 14, \"mail\": null, \"numerico\": null, \"longitud\": null, \"logico\": null}}]", "revision": 35}}, {"pk": 126, "model": "reversion.version", "fields": {"format": "json", "object_repr": "Campo object", "object_id": "28", "content_type": 17, "object_id_int": 28, "serialized_data": "[{\"pk\": 28, \"model\": \"desarrollo.campo\", \"fields\": {\"hora\": null, \"atributo\": 2, \"fecha\": null, \"precision\": null, \"tipoItem\": 2, \"cadena\": null, \"item\": 14, \"mail\": null, \"numerico\": null, \"longitud\": null, \"logico\": null}}]", "revision": 35}}, {"pk": 127, "model": "reversion.version", "fields": {"format": "json", "object_repr": "Relacion object", "object_id": "14", "content_type": 18, "object_id_int": 14, "serialized_data": "[{\"pk\": 14, \"model\": \"desarrollo.relacion\", \"fields\": {\"antecesor\": null, \"padre\": 13, \"item\": 14}}]", "revision": 35}}, {"pk": 128, "model": "reversion.version", "fields": {"format": "json", "object_repr": "tomate", "object_id": "14", "content_type": 16, "object_id_int": 14, "serialized_data": "[{\"pk\": 14, \"model\": \"desarrollo.item\", \"fields\": {\"Tipo\": 2, \"Usuario\": 4, \"Fecha\": \"2014-06-07T10:35:15.202Z\", \"CostoTemporal\": 2, \"Version\": 2, \"CostoUnitario\": 2, \"Descripcion\": \"verdura\", \"Nombre\": \"tomate\", \"Estado\": \"CON\", \"Prioridad\": 2, \"Fase\": 2}}]", "revision": 35}}, {"pk": 129, "model": "reversion.version", "fields": {"format": "json", "object_repr": "Relacion object", "object_id": "15", "content_type": 18, "object_id_int": 15, "serialized_data": "[{\"pk\": 15, \"model\": \"desarrollo.relacion\", \"fields\": {\"antecesor\": null, \"padre\": 13, \"item\": 15}}]", "revision": 36}}, {"pk": 130, "model": "reversion.version", "fields": {"format": "json", "object_repr": "Campo object", "object_id": "29", "content_type": 17, "object_id_int": 29, "serialized_data": "[{\"pk\": 29, \"model\": \"desarrollo.campo\", \"fields\": {\"hora\": null, \"atributo\": 1, \"fecha\": null, \"precision\": null, \"tipoItem\": 2, \"cadena\": null, \"item\": 15, \"mail\": null, \"numerico\": null, \"longitud\": null, \"logico\": null}}]", "revision": 36}}, {"pk": 131, "model": "reversion.version", "fields": {"format": "json", "object_repr": "Campo object", "object_id": "30", "content_type": 17, "object_id_int": 30, "serialized_data": "[{\"pk\": 30, \"model\": \"desarrollo.campo\", \"fields\": {\"hora\": null, \"atributo\": 2, \"fecha\": null, \"precision\": null, \"tipoItem\": 2, \"cadena\": null, \"item\": 15, \"mail\": null, \"numerico\": null, \"longitud\": null, \"logico\": null}}]", "revision": 36}}, {"pk": 132, "model": "reversion.version", "fields": {"format": "json", "object_repr": "lechuga", "object_id": "15", "content_type": 16, "object_id_int": 15, "serialized_data": "[{\"pk\": 15, \"model\": \"desarrollo.item\", \"fields\": {\"Tipo\": 2, \"Usuario\": 4, \"Fecha\": \"2014-06-07T10:35:23.660Z\", \"CostoTemporal\": 3, \"Version\": 2, \"CostoUnitario\": 3, \"Descripcion\": \"3\", \"Nombre\": \"lechuga\", \"Estado\": \"CON\", \"Prioridad\": 3, \"Fase\": 2}}]", "revision": 36}}, {"pk": 133, "model": "reversion.version", "fields": {"format": "json", "object_repr": "naranja", "object_id": "11", "content_type": 16, "object_id_int": 11, "serialized_data": "[{\"pk\": 11, \"model\": \"desarrollo.item\", \"fields\": {\"Tipo\": 2, \"Usuario\": 4, \"Fecha\": \"2014-06-07T10:35:35.557Z\", \"CostoTemporal\": 2, \"Version\": 3, \"CostoUnitario\": 2, \"Descripcion\": \"fruta\", \"Nombre\": \"naranja\", \"Estado\": \"CON\", \"Prioridad\": 2, \"Fase\": 2}}]", "revision": 37}}, {"pk": 134, "model": "reversion.version", "fields": {"format": "json", "object_repr": "Relacion object", "object_id": "11", "content_type": 18, "object_id_int": 11, "serialized_data": "[{\"pk\": 11, \"model\": \"desarrollo.relacion\", \"fields\": {\"antecesor\": 2, \"padre\": null, \"item\": 11}}]", "revision": 37}}, {"pk": 135, "model": "reversion.version", "fields": {"format": "json", "object_repr": "Campo object", "object_id": "21", "content_type": 17, "object_id_int": 21, "serialized_data": "[{\"pk\": 21, \"model\": \"desarrollo.campo\", \"fields\": {\"hora\": null, \"atributo\": 1, \"fecha\": null, \"precision\": null, \"tipoItem\": 2, \"cadena\": null, \"item\": 11, \"mail\": null, \"numerico\": \"3000\", \"longitud\": null, \"logico\": null}}]", "revision": 37}}, {"pk": 136, "model": "reversion.version", "fields": {"format": "json", "object_repr": "Campo object", "object_id": "22", "content_type": 17, "object_id_int": 22, "serialized_data": "[{\"pk\": 22, \"model\": \"desarrollo.campo\", \"fields\": {\"hora\": null, \"atributo\": 2, \"fecha\": null, \"precision\": null, \"tipoItem\": 2, \"cadena\": \"fruta\", \"item\": 11, \"mail\": null, \"numerico\": null, \"longitud\": null, \"logico\": null}}]", "revision": 37}}, {"pk": 137, "model": "reversion.version", "fields": {"format": "json", "object_repr": "Campo object", "object_id": "24", "content_type": 17, "object_id_int": 24, "serialized_data": "[{\"pk\": 24, \"model\": \"desarrollo.campo\", \"fields\": {\"hora\": null, \"atributo\": 2, \"fecha\": null, \"precision\": null, \"tipoItem\": 2, \"cadena\": \"fruta\", \"item\": 12, \"mail\": null, \"numerico\": null, \"longitud\": null, \"logico\": null}}]", "revision": 38}}, {"pk": 138, "model": "reversion.version", "fields": {"format": "json", "object_repr": "manzana", "object_id": "12", "content_type": 16, "object_id_int": 12, "serialized_data": "[{\"pk\": 12, \"model\": \"desarrollo.item\", \"fields\": {\"Tipo\": 2, \"Usuario\": 4, \"Fecha\": \"2014-06-07T10:35:43.659Z\", \"CostoTemporal\": 4, \"Version\": 3, \"CostoUnitario\": 4, \"Descripcion\": \"fruta\", \"Nombre\": \"manzana\", \"Estado\": \"CON\", \"Prioridad\": 4, \"Fase\": 2}}]", "revision": 38}}, {"pk": 139, "model": "reversion.version", "fields": {"format": "json", "object_repr": "Relacion object", "object_id": "12", "content_type": 18, "object_id_int": 12, "serialized_data": "[{\"pk\": 12, \"model\": \"desarrollo.relacion\", \"fields\": {\"antecesor\": 8, \"padre\": null, \"item\": 12}}]", "revision": 38}}, {"pk": 140, "model": "reversion.version", "fields": {"format": "json", "object_repr": "Campo object", "object_id": "23", "content_type": 17, "object_id_int": 23, "serialized_data": "[{\"pk\": 23, \"model\": \"desarrollo.campo\", \"fields\": {\"hora\": null, \"atributo\": 1, \"fecha\": null, \"precision\": null, \"tipoItem\": 2, \"cadena\": null, \"item\": 12, \"mail\": null, \"numerico\": \"2000\", \"longitud\": null, \"logico\": null}}]", "revision": 38}}, {"pk": 141, "model": "reversion.version", "fields": {"format": "json", "object_repr": "Campo object", "object_id": "25", "content_type": 17, "object_id_int": 25, "serialized_data": "[{\"pk\": 25, \"model\": \"desarrollo.campo\", \"fields\": {\"hora\": null, \"atributo\": 1, \"fecha\": null, \"precision\": null, \"tipoItem\": 2, \"cadena\": null, \"item\": 13, \"mail\": null, \"numerico\": \"5000\", \"longitud\": null, \"logico\": null}}]", "revision": 39}}, {"pk": 142, "model": "reversion.version", "fields": {"format": "json", "object_repr": "Campo object", "object_id": "26", "content_type": 17, "object_id_int": 26, "serialized_data": "[{\"pk\": 26, \"model\": \"desarrollo.campo\", \"fields\": {\"hora\": null, \"atributo\": 2, \"fecha\": null, \"precision\": null, \"tipoItem\": 2, \"cadena\": \"tipo\", \"item\": 13, \"mail\": null, \"numerico\": null, \"longitud\": null, \"logico\": null}}]", "revision": 39}}, {"pk": 143, "model": "reversion.version", "fields": {"format": "json", "object_repr": "verduras", "object_id": "13", "content_type": 16, "object_id_int": 13, "serialized_data": "[{\"pk\": 13, \"model\": \"desarrollo.item\", \"fields\": {\"Tipo\": 2, \"Usuario\": 4, \"Fecha\": \"2014-06-07T10:35:54.382Z\", \"CostoTemporal\": 9, \"Version\": 3, \"CostoUnitario\": 9, \"Descripcion\": \"para plantar\", \"Nombre\": \"verduras\", \"Estado\": \"CON\", \"Prioridad\": 9, \"Fase\": 2}}]", "revision": 39}}, {"pk": 144, "model": "reversion.version", "fields": {"format": "json", "object_repr": "Relacion object", "object_id": "13", "content_type": 18, "object_id_int": 13, "serialized_data": "[{\"pk\": 13, \"model\": \"desarrollo.relacion\", \"fields\": {\"antecesor\": 10, \"padre\": null, \"item\": 13}}]", "revision": 39}}, {"pk": 145, "model": "reversion.version", "fields": {"format": "json", "object_repr": "Campo object", "object_id": "27", "content_type": 17, "object_id_int": 27, "serialized_data": "[{\"pk\": 27, \"model\": \"desarrollo.campo\", \"fields\": {\"hora\": null, \"atributo\": 1, \"fecha\": null, \"precision\": null, \"tipoItem\": 2, \"cadena\": null, \"item\": 14, \"mail\": null, \"numerico\": \"2000\", \"longitud\": null, \"logico\": null}}]", "revision": 40}}, {"pk": 146, "model": "reversion.version", "fields": {"format": "json", "object_repr": "Campo object", "object_id": "28", "content_type": 17, "object_id_int": 28, "serialized_data": "[{\"pk\": 28, \"model\": \"desarrollo.campo\", \"fields\": {\"hora\": null, \"atributo\": 2, \"fecha\": null, \"precision\": null, \"tipoItem\": 2, \"cadena\": \"verdura\", \"item\": 14, \"mail\": null, \"numerico\": null, \"longitud\": null, \"logico\": null}}]", "revision": 40}}, {"pk": 147, "model": "reversion.version", "fields": {"format": "json", "object_repr": "tomate", "object_id": "14", "content_type": 16, "object_id_int": 14, "serialized_data": "[{\"pk\": 14, \"model\": \"desarrollo.item\", \"fields\": {\"Tipo\": 2, \"Usuario\": 4, \"Fecha\": \"2014-06-07T10:36:03.090Z\", \"CostoTemporal\": 2, \"Version\": 3, \"CostoUnitario\": 2, \"Descripcion\": \"verdura\", \"Nombre\": \"tomate\", \"Estado\": \"CON\", \"Prioridad\": 2, \"Fase\": 2}}]", "revision": 40}}, {"pk": 148, "model": "reversion.version", "fields": {"format": "json", "object_repr": "Relacion object", "object_id": "14", "content_type": 18, "object_id_int": 14, "serialized_data": "[{\"pk\": 14, \"model\": \"desarrollo.relacion\", \"fields\": {\"antecesor\": null, \"padre\": 13, \"item\": 14}}]", "revision": 40}}, {"pk": 149, "model": "reversion.version", "fields": {"format": "json", "object_repr": "lechuga", "object_id": "15", "content_type": 16, "object_id_int": 15, "serialized_data": "[{\"pk\": 15, \"model\": \"desarrollo.item\", \"fields\": {\"Tipo\": 2, \"Usuario\": 4, \"Fecha\": \"2014-06-07T10:36:13.931Z\", \"CostoTemporal\": 3, \"Version\": 3, \"CostoUnitario\": 3, \"Descripcion\": \"3\", \"Nombre\": \"lechuga\", \"Estado\": \"CON\", \"Prioridad\": 3, \"Fase\": 2}}]", "revision": 41}}, {"pk": 150, "model": "reversion.version", "fields": {"format": "json", "object_repr": "Campo object", "object_id": "29", "content_type": 17, "object_id_int": 29, "serialized_data": "[{\"pk\": 29, \"model\": \"desarrollo.campo\", \"fields\": {\"hora\": null, \"atributo\": 1, \"fecha\": null, \"precision\": null, \"tipoItem\": 2, \"cadena\": null, \"item\": 15, \"mail\": null, \"numerico\": \"2000\", \"longitud\": null, \"logico\": null}}]", "revision": 41}}, {"pk": 151, "model": "reversion.version", "fields": {"format": "json", "object_repr": "Campo object", "object_id": "30", "content_type": 17, "object_id_int": 30, "serialized_data": "[{\"pk\": 30, \"model\": \"desarrollo.campo\", \"fields\": {\"hora\": null, \"atributo\": 2, \"fecha\": null, \"precision\": null, \"tipoItem\": 2, \"cadena\": \"verdura\", \"item\": 15, \"mail\": null, \"numerico\": null, \"longitud\": null, \"logico\": null}}]", "revision": 41}}, {"pk": 152, "model": "reversion.version", "fields": {"format": "json", "object_repr": "Relacion object", "object_id": "15", "content_type": 18, "object_id_int": 15, "serialized_data": "[{\"pk\": 15, \"model\": \"desarrollo.relacion\", \"fields\": {\"antecesor\": null, \"padre\": 13, \"item\": 15}}]", "revision": 41}}, {"pk": 153, "model": "reversion.version", "fields": {"format": "json", "object_repr": "naranja", "object_id": "11", "content_type": 16, "object_id_int": 11, "serialized_data": "[{\"pk\": 11, \"model\": \"desarrollo.item\", \"fields\": {\"Tipo\": 2, \"Usuario\": 4, \"Fecha\": \"2014-06-07T10:37:39.893Z\", \"CostoTemporal\": 2, \"Version\": 3, \"CostoUnitario\": 2, \"Descripcion\": \"fruta\", \"Nombre\": \"naranja\", \"Estado\": \"FIN\", \"Prioridad\": 2, \"Fase\": 2}}]", "revision": 42}}, {"pk": 154, "model": "reversion.version", "fields": {"format": "json", "object_repr": "manzana", "object_id": "12", "content_type": 16, "object_id_int": 12, "serialized_data": "[{\"pk\": 12, \"model\": \"desarrollo.item\", \"fields\": {\"Tipo\": 2, \"Usuario\": 4, \"Fecha\": \"2014-06-07T10:37:42.911Z\", \"CostoTemporal\": 4, \"Version\": 3, \"CostoUnitario\": 4, \"Descripcion\": \"fruta\", \"Nombre\": \"manzana\", \"Estado\": \"FIN\", \"Prioridad\": 4, \"Fase\": 2}}]", "revision": 43}}, {"pk": 155, "model": "reversion.version", "fields": {"format": "json", "object_repr": "verduras", "object_id": "13", "content_type": 16, "object_id_int": 13, "serialized_data": "[{\"pk\": 13, \"model\": \"desarrollo.item\", \"fields\": {\"Tipo\": 2, \"Usuario\": 4, \"Fecha\": \"2014-06-07T10:37:45.619Z\", \"CostoTemporal\": 9, \"Version\": 3, \"CostoUnitario\": 9, \"Descripcion\": \"para plantar\", \"Nombre\": \"verduras\", \"Estado\": \"FIN\", \"Prioridad\": 9, \"Fase\": 2}}]", "revision": 44}}, {"pk": 156, "model": "reversion.version", "fields": {"format": "json", "object_repr": "verduras", "object_id": "13", "content_type": 16, "object_id_int": 13, "serialized_data": "[{\"pk\": 13, \"model\": \"desarrollo.item\", \"fields\": {\"Tipo\": 2, \"Usuario\": 4, \"Fecha\": \"2014-06-07T10:37:49.256Z\", \"CostoTemporal\": 9, \"Version\": 3, \"CostoUnitario\": 9, \"Descripcion\": \"para plantar\", \"Nombre\": \"verduras\", \"Estado\": \"CON\", \"Prioridad\": 9, \"Fase\": 2}}]", "revision": 45}}, {"pk": 157, "model": "reversion.version", "fields": {"format": "json", "object_repr": "naranja", "object_id": "11", "content_type": 16, "object_id_int": 11, "serialized_data": "[{\"pk\": 11, \"model\": \"desarrollo.item\", \"fields\": {\"Tipo\": 2, \"Usuario\": 4, \"Fecha\": \"2014-06-07T10:38:48.976Z\", \"CostoTemporal\": 2, \"Version\": 3, \"CostoUnitario\": 2, \"Descripcion\": \"fruta\", \"Nombre\": \"naranja\", \"Estado\": \"VAL\", \"Prioridad\": 2, \"Fase\": 2}}]", "revision": 46}}, {"pk": 158, "model": "reversion.version", "fields": {"format": "json", "object_repr": "manzana", "object_id": "12", "content_type": 16, "object_id_int": 12, "serialized_data": "[{\"pk\": 12, \"model\": \"desarrollo.item\", \"fields\": {\"Tipo\": 2, \"Usuario\": 4, \"Fecha\": \"2014-06-07T10:38:49.076Z\", \"CostoTemporal\": 4, \"Version\": 3, \"CostoUnitario\": 4, \"Descripcion\": \"fruta\", \"Nombre\": \"manzana\", \"Estado\": \"VAL\", \"Prioridad\": 4, \"Fase\": 2}}]", "revision": 46}}





]
